date;Total Credit to Private Non-Financial Sector by Banks, Adjusted for Breaks, for Advanced Economies;Total Credit to Private Non-Financial Sector by Banks, Adjusted for Breaks, for Argentina; Total Credit to Private Non-Financial Sector by Banks, Adjusted for Breaks, for Brazil;Total Credit to Private Non-Financial Sector by Banks, Adjusted for Breaks, for Canada;Total Credit to Private Non-Financial Sector by Banks, Adjusted for Breaks, for Chile; Total Credit to Private Non-Financial Sector by Banks, Adjusted for Breaks, for China;Total Credit to Private Non-Financial Sector by Banks, Adjusted for Breaks, for Emerging Economies;Total Credit to Private Non-Financial Sector by Banks, Adjusted for Breaks, for Euro Area;Total Credit to Private Non-Financial Sector by Banks, Adjusted for Breaks, for France;Total Credit to Private Non-Financial Sector by Banks, Adjusted for Breaks, for Germany;Total Credit to Private Non-Financial Sector by Banks, Adjusted for Breaks, for India;Total Credit to Private Non-Financial Sector by Banks, Adjusted for Breaks, for Italy;Total Credit to Private Non-Financial Sector by Banks, Adjusted for Breaks, for Japan;Total Credit to Private Non-Financial Sector by Banks, Adjusted for Breaks, for Mexico;Total Credit to Private Non-Financial Sector by Banks, Adjusted for Breaks, for Netherlands;Total Credit to Private Non-Financial Sector by Banks, Adjusted for Breaks, for Russia;Total Credit to Private Non-Financial Sector by Banks, Adjusted for Breaks, for Singapore;Total Credit to Private Non-Financial Sector by Banks, Adjusted for Breaks, for South Africa;Total Credit to Private Non-Financial Sector by Banks, Adjusted for Breaks, for Spain;Total Credit to Private Non-Financial Sector by Banks, Adjusted for Breaks, for Switzerland; Total Credit to Private Non-Financial Sector by Banks, Adjusted for Breaks, for Total Reporting Countries;Total Credit to Private Non-Financial Sector by Banks, Adjusted for Breaks, for United Kingdom;Total Credit to Private Non-Financial Sector by Banks, Adjusted for Breaks, for United States;Total Credit to General Government, Adjusted for Breaks, for Advanced Economies;Total Credit to General Government, Adjusted for Breaks, for Canada;Total Credit to General Government, Adjusted for Breaks, for Chile;Total Credit to General Government, Adjusted for Breaks, for Euro Area;Total Credit to General Government, Adjusted for Breaks, for France;Total Credit to General Government, Adjusted for Breaks, for Germany;Total Credit to General Government, Adjusted for Breaks, for Italy;Total Credit to General Government, Adjusted for Breaks, for Japan;Total Credit to General Government, Adjusted for Breaks, for Netherlands;Total Credit to General Government, Adjusted for Breaks, for Spain;Total Credit to General Government, Adjusted for Breaks, for Switzerland;Total Credit to General Governments, Adjusted for Breaks, for Total Reporting Countries;Total Credit to General Government, Adjusted for Breaks, for United Kingdom;Total Credit to General Government, Adjusted for Breaks, for United States;Total Credit to Households and NPISHS, Adjusted for Breaks, for Advanced Economies;Total Credit to Households and NPISHS, Adjusted for Breaks, for Argentina;Total Credit to Households and NPISHSs, Adjusted for Breaks, for Brazil;Total Credit to Households and NPISHS, Adjusted for Breaks, for Canada;Total Credit to Households and NPISHS, Adjusted for Breaks, for Chile;Total Credit to Households and NPISHSs, Adjusted for Breaks, for China;Total Credit to Households and NPISHS, Adjusted for Breaks, for Emerging Economies;Total Credit to Households and NPISHS, Adjusted for Breaks, for Euro Area;Total Credit to Households and NPISHS, Adjusted for Breaks, for France;Total Credit to Households and NPISHS, Adjusted for Breaks, for Germany;Total Credit to Households and NPISHS, Adjusted for Breaks, for India;Total Credit to Households and NPISHS, Adjusted for Breaks, for Italy;Total Credit to Households and NPISHS, Adjusted for Breaks, for Japan;Total Credit to Households and NPISHS, Adjusted for Breaks, for Mexico;Total Credit to Households and NPISHS, Adjusted for Breaks, for Netherlands;Total Credit to Households and NPISHS, Adjusted for Breaks, for Russia;Total Credit to Households and NPISHS, Adjusted for Breaks, for Singapore;Total Credit to Households and NPISHS, Adjusted for Breaks, for South Africa;Total Credit to Households and NPISHS, Adjusted for Breaks, for Spain;Total Credit to Households and NPISHS, Adjusted for Breaks, for Switzerland;Total Credit to Households and NPISHSs, Adjusted for Breaks, for Total Reporting Countries;Total Credit to Households and NPISHS, Adjusted for Breaks, for United Kingdom;Total Credit to Households and NPISHS, Adjusted for Breaks, for United States;Total Credit to Non-Financial Corporations, Adjusted for Breaks, for Advanced Economies;Total Credit to Non-Financial Corporations, Adjusted for Breaks, for Argentina;Total Credit to Non-Financial Corporationss, Adjusted for Breaks, for Brazil;Total Credit to Non-Financial Corporations, Adjusted for Breaks, for Canada;Total Credit to Non-Financial Corporations, Adjusted for Breaks, for Chile;Total Credit to Non-Financial Corporationss, Adjusted for Breaks, for China;Total Credit to Non-Financial Corporations, Adjusted for Breaks, for Emerging Economies;Total Credit to Non-Financial Corporations, Adjusted for Breaks, for Euro Area;Total Credit to Non-Financial Corporations, Adjusted for Breaks, for France;Total Credit to Non-Financial Corporations, Adjusted for Breaks, for Germany;Total Credit to Non-Financial Corporations, Adjusted for Breaks, for India;Total Credit to Non-Financial Corporations, Adjusted for Breaks, for Italy;Total Credit to Non-Financial Corporations, Adjusted for Breaks, for Japan;Total Credit to Non-Financial Corporations, Adjusted for Breaks, for Mexico;Total Credit to Non-Financial Corporations, Adjusted for Breaks, for Netherlands;Total Credit to Non-Financial Corporations, Adjusted for Breaks, for Russia;Total Credit to Non-Financial Corporations, Adjusted for Breaks, for Singapore;Total Credit to Non-Financial Corporations, Adjusted for Breaks, for South Africa;Total Credit to Non-Financial Corporations, Adjusted for Breaks, for Spain;Total Credit to Non-Financial Corporations, Adjusted for Breaks, for Switzerland;Total Credit to Non-Financial Corporationss, Adjusted for Breaks, for Total Reporting Countries;Total Credit to Non-Financial Corporations, Adjusted for Breaks, for United Kingdom;Total Credit to Non-Financial Corporations, Adjusted for Breaks, for United States
1970-01-01;;;;85,1;;;;;91,3;83,8;23,1;78,2;116,4;;65,5;;;56,9;67,0;148,6;;58,0;89,2;;;;;;;;;;;;;64,3;39,3;;;;33,5;;;;;;;;16,4;25,3;;;;;;;;;30,6;43,2;;;;52,1;;;;;;;;74,0;91,0;;;;;;;;;;46,0
1970-04-01;;;;84,9;;;;;90,9;83,5;24,0;78,3;115,6;;65,9;;;56,9;67,3;148,6;;59,4;90,2;;;;;;;;;;;;;62,6;38,3;;;;33,7;;;;;;;;16,5;25,2;;;;;;;;;31,3;43,2;;;;51,6;;;;;;;;74,0;90,4;;;;;;;;;;47,0
1970-07-01;;;;85,5;;;;;90,6;82,8;24,0;78,2;116,1;;65,4;;;57,3;67,5;147,2;;57,5;90,6;;;;;;;;;;;;;61,7;39,3;;;;33,8;;;;;;;;16,6;25,5;;;;;;;;;30,3;43,2;;;;52,1;;;;;;;;73,8;90,7;;;;;;;;;;47,4
1970-10-01;;;;86,2;;;;;95,7;83,6;24,9;77,6;118,8;;66,1;;81,3;58,1;69,7;148,6;;58,6;91,4;;;;;;;;;;;;;64,3;41,0;;;;34,4;;;;;;35,5;;16,7;26,2;;;;;;;;;30,9;43,5;;;;52,0;;;;;;49,1;;73,3;92,7;;;;;;;;;;47,9
1971-01-01;;;;86,6;;;;;95,3;82,3;25,9;78,2;120,0;;65,2;;82,6;57,5;69,9;146,9;;56,9;90,9;;;;;;;;;;;;;59,1;41,8;;;;34,3;;;;;;34,8;;16,9;26,4;;;;;;;;;30,0;42,9;;;;52,6;;;;;;48,5;;73,6;93,6;;;;;;;;;;48,0
1971-04-01;;;;87,8;;;;;96,3;82,8;25,5;79,4;122,3;;65,1;;80,5;58,5;70,5;146,3;;55,2;91,8;;;;;;;;;;;;;59,9;40,3;;;;34,9;;;;;;35,0;;17,3;26,9;;;;;;;;;29,1;43,3;;;;53,2;;;;;;48,8;;74,6;95,5;;;;;;;;;;48,6
1971-07-01;;;;89,0;;;;;96,5;83,6;25,4;80,7;126,2;;65,6;;82,8;57,3;70,2;143,1;;56,2;92,1;;;;;;;;;;;;;61,1;41,4;;;;35,4;;;;;;35,3;;17,6;27,6;;;;;;;;;29,6;43,5;;;;53,9;;;;;;49,3;;76,0;98,6;;;;;;;;;;48,7
1971-10-01;;;;89,9;;;;;99,7;85,5;26,5;81,8;131,9;;66,7;;83,0;55,4;71,7;143,2;;57,2;92,5;;;;;;;;;;;;;65,8;42,3;;;;36,3;;;;;;36,3;;17,9;29,1;;;;;;;;;30,1;43,9;;;;53,7;;;;;;50,3;;77,2;102,8;;;;;;;;;;48,6
1972-01-01;;;;90,1;;;;;100,0;85,3;26,9;82,8;132,7;;66,6;;84,5;54,8;71,1;140,6;;60,6;92,5;;;;;;;;;;;;;58,7;41,7;;;;36,2;;;;;;36,2;;18,0;29,1;;;;;;;;;31,9;43,6;;;;54,0;;;;;;50,2;;78,1;103,6;;;;;;;;;;48,9
1972-04-01;;;;91,1;;;;;102,6;86,7;27,4;83,8;133,3;;68,3;;85,2;52,5;72,2;140,7;;61,3;93,7;;;;;;;;;;;;;56,0;40,8;;;;37,0;;;;;;36,9;;18,1;29,5;;;;;;;;;32,3;44,2;;;;54,0;;;;;;50,9;;79,0;103,8;;;;;;;;;;49,5
1972-07-01;;;;92,2;;;;;103,0;86,9;26,4;84,9;136,4;;68,9;;89,8;54,2;72,9;139,4;;64,7;93,9;;;;;;;;;;;;;55,8;40,4;;;;37,8;;;;;;36,9;;18,6;30,5;;;;;;;;;34,1;44,4;;;;54,2;;;;;;51,0;;79,9;106,0;;;;;;;;;;49,4
1972-10-01;;;;93,3;;;;;106,1;89,0;27,3;85,8;140,8;;69,6;;95,9;55,1;74,9;140,3;;65,0;94,6;;;;;;;;;;;;;58,0;40,4;;;;38,8;;;;;;38,1;;19,5;32,0;;;;;;;;;34,3;44,7;;;;54,0;;;;;;51,9;;80,6;108,8;;;;;;;;;;50,0
1973-01-01;;;;93,5;;;;;104,6;89,2;28,5;86,8;140,4;;71,1;;106,0;55,9;75,1;137,0;;64,2;94,8;;;;;;;;;;;;;54,2;39,6;;;;38,7;;;;;;38,3;;20,7;32,5;;;;;;;;;33,9;44,3;;;;54,5;;;;;;51,9;;80,5;107,9;;;;;;;;;;50,4
1973-04-01;;;;94,8;;;;;106,2;89,5;27,9;86,3;139,2;;72,9;;103,8;57,8;76,5;135,5;;66,3;95,8;;;;;;;;;;;;;55,5;38,3;;;;39,5;;;;;;38,6;;21,8;32,7;;;;;;;;;35,0;44,5;;;;54,8;;;;;;52,0;;79,3;106,4;;;;;;;;;;51,3
1973-07-01;;;;94,8;;;;;105,9;89,5;26,6;84,7;139,1;;76,2;;104,5;58,5;77,4;135,3;;66,0;96,2;;;;;;;;;;;;;53,6;37,7;;;;39,9;;;;;;38,7;;22,3;33,5;;;;;;;;;34,8;44,7;;;;54,3;;;;;;51,8;;77,5;105,6;;;;;;;;;;51,6
1973-10-01;;;;95,4;;;;;107,1;90,1;28,1;83,1;139,3;;78,0;;105,9;58,5;78,6;136,7;;63,9;96,3;;;;;;;;;;;;;53,0;37,4;;;;40,1;;;;;;39,1;;22,2;34,6;;;;;;;;;33,7;44,7;;;;54,7;;;;;;52,0;;76,3;104,7;;;;;;;;;;51,7
1974-01-01;;;;95,2;;;;;104,7;89,7;28,0;81,8;137,5;;78,7;;103,0;58,5;77,2;135,1;;65,0;96,3;;;;;;;;;;;;;50,0;36,6;;;;39,7;;;;;;38,7;;21,3;34,4;;;;;;;;;34,3;44,1;;;;55,0;;;;;;52,1;;75,2;103,1;;;;;;;;;;52,2
1974-04-01;;;;96,3;;;;;103,6;90,3;28,0;80,5;135,0;;80,4;;99,9;58,0;77,3;133,7;;64,9;97,9;;;;;;;;;;;;;50,8;35,9;;;;40,2;;;;;;38,7;;20,1;34,2;;;;;;;;;34,2;44,6;;;;55,6;;;;;;52,6;;74,4;100,8;;;;;;;;;;53,4
1974-07-01;;;;96,3;;;;;102,7;90,3;26,7;79,1;132,7;;81,9;;95,1;57,3;78,1;133,2;;64,1;98,4;;;;;;;;;;;;;51,0;35,8;;;;39,8;;;;;;38,5;;18,8;33,9;;;;;;;;;33,8;44,8;;;;56,1;;;;;;52,8;;73,7;98,9;;;;;;;;;;53,6
1974-10-01;;;;96,7;;;;;105,0;90,9;27,2;77,9;133,1;;82,8;;90,6;57,1;80,1;115,3;;61,3;98,6;;;;;;;;;;;;;49,3;36,3;;;;40,0;;;;;;38,6;;18,1;34,3;;;;;;;;;32,3;44,7;;;;56,4;;;;;;53,3;;73,0;98,8;;;;;;;;;;53,9
1975-01-01;;;;97,3;;;;;103,4;90,2;28,7;77,7;132,0;;82,8;;89,0;57,2;80,6;116,7;;59,5;97,2;;;;;;;;;;;;;50,0;37,1;;;;39,7;;;;;;38,2;;18,1;33,9;;;;;;;;;31,4;43,8;;;;57,4;;;;;;53,1;;72,8;98,1;;;;;;;;;;53,4
1975-04-01;;;;98,6;;;;;102,7;90,8;28,8;78,0;132,1;;83,0;;89,0;56,4;81,5;119,8;;59,3;96,9;;;;;;;;;;;;;48,7;37,9;;;;40,4;;;;;;38,5;;18,6;34,1;;;;;;;;;31,3;43,8;;;;57,9;;;;;;53,4;;72,9;98,0;;;;;;;;;;53,1
1975-07-01;;;;99,1;;;;;102,3;91,0;29,1;78,6;134,1;;83,5;;93,9;56,2;81,8;121,5;;56,5;96,2;;;;;;;;;;;;;49,6;38,0;;;;41,1;;;;;;38,5;;19,2;34,8;;;;;;;;;29,8;44,0;;;;57,6;;;;;;53,6;;73,2;99,3;;;;;;;;;;52,1
1975-10-01;;;;99,6;;;;;105,8;92,9;30,9;78,8;137,4;;84,4;;95,3;55,5;83,4;127,5;;57,9;95,9;;;;;;;;;;;;;49,5;39,5;;;;41,8;;;;;;39,5;;19,6;36,1;;;;;;;;;30,5;44,4;;;;57,1;;;;;;54,5;;73,1;101,3;;;;;;;;;;51,5
1976-01-01;;;;99,4;;;;;104,4;91,6;33,1;78,3;137,1;;84,5;;95,2;55,1;82,8;127,7;;57,7;94,2;;;;;;;;;;;;;48,6;39,7;;;;41,2;;;;;;38,9;;19,2;36,3;;;;;;;;;30,4;43,6;;;;57,8;;;;;;53,7;;72,8;100,8;;;;;;;;;28,9;50,6
1976-04-01;;;;99,3;;;;;103,6;91,9;33,6;74,4;136,5;;87,1;;93,1;54,2;84,1;129,9;;57,2;94,2;;;;;;;;;;;;;48,7;39,7;;;;41,4;;;;;;39,3;;17,9;36,5;;;;;;;;;29,9;43,9;;;;57,5;;;;;;53,7;;70,2;100,0;;;;;;;;;29,3;50,3
1976-07-01;;;;99,7;;;;;102,7;91,7;34,3;72,9;136,8;;88,4;;94,7;54,0;84,1;130,1;;57,4;94,1;;;;;;;;;;;;;47,3;40,1;;;;41,8;;;;;;39,3;;17,3;36,9;;;;;;;;;29,9;44,2;;;;57,3;;;;;;53,5;;68,7;99,9;;;;;;;;;29,5;50,0
1976-10-01;;;;100,5;;;;;104,0;92,8;37,0;71,8;138,5;;89,3;;97,6;54,4;85,0;135,1;;58,3;94,7;;;;;;;;;;;;;47,2;40,5;;;;42,7;;;;;;40,0;;16,9;37,9;;;;;;;;;29,9;44,6;;;;57,1;;;;;;53,8;;67,1;100,6;;;;;;;;;31,1;50,0
1977-01-01;;;;102,0;;;;;102,3;91,7;36,8;70,3;137,1;;90,5;;98,0;53,4;83,9;133,9;;56,3;94,8;;;;;;;;;;;;;50,9;39,8;;;;42,9;;;;;;39,6;;16,5;37,6;;;;;;;;;29,5;44,5;;;;58,4;;;;;;53,2;;65,5;99,5;;;;;;;;;28,6;50,3
1977-04-01;;;;104,0;;;;;102,1;92,6;35,9;68,5;135,7;;93,0;;97,2;53,4;82,8;136,2;;56,5;95,9;;;;;;;;;;;;;49,5;39,1;;;;44,1;;;;;;40,1;;15,9;37,5;;;;;;;;;29,5;45,3;;;;59,1;;;;;;53,5;;64,2;98,2;;;;;;;;;28,9;50,6
1977-07-01;;;;105,3;;;;;102,3;92,9;35,6;67,6;136,1;;94,8;;99,3;52,8;80,8;136,8;;55,9;96,2;;;;;;;;;;;;;53,8;38,8;;;;45,2;;;;;;40,4;;15,6;38,3;;;;;;;;;29,5;45,9;;;;59,0;;;;;;53,5;;63,6;97,8;;;;;;;;;27,8;50,3
1977-10-01;;;;106,1;;;;;104,2;94,4;37,0;68,2;137,0;;99,1;;99,0;51,3;80,3;143,3;;56,0;97,1;;;;;;;;;;;;;53,4;38,3;;;;46,0;;;;;17,9;41,3;;15,7;38,8;;;;;;;;;29,5;46,4;;;;58,8;;;;;87,2;54,1;;64,0;98,2;;;;;;;;;28,0;50,6
1978-01-01;;;;107,2;;;;;106,1;92,8;36,7;64,1;135,6;;101,7;;99,7;51,0;78,1;140,7;;55,9;97,1;;;;;;;;;;;;;51,1;38,0;;;;46,2;;;;;18,2;40,7;;14,8;38,7;;;;;;;;;29,4;46,3;;;;59,8;;;;;88,7;53,1;;61,2;96,9;;;;;;;;;28,1;50,8
1978-04-01;;;;108,2;;;;;103,9;93,7;37,6;61,3;134,0;;105,3;;100,1;52,3;77,1;142,7;;56,4;98,1;;;;;;;;;;;;;48,5;36,9;;;;47,0;;;;;18,3;41,4;;14,2;38,8;;;;;;;;;29,8;47,1;;;;59,8;;;;;86,4;53,2;;59,0;95,3;;;;;;;;;28,1;51,0
1978-07-01;;;;109,2;;;;;100,8;93,7;37,6;60,8;134,1;;107,8;;103,1;52,2;75,5;143,1;;55,6;98,4;;;;;;;;;;;;;47,8;36,9;;;;47,8;;;;;18,4;41,7;;14,4;40,2;;;;;;;;;29,6;47,8;;;;60,0;;;;;83,2;52,9;;58,0;94,0;;;;;;;;;27,1;50,7
1978-10-01;;;;110,5;;;;;101,5;95,5;41,0;62,3;136,0;;112,0;;102,5;51,6;75,2;149,2;;55,5;98,5;;;;;;;;;;;;;47,0;36,1;;;;48,6;;;;;18,8;42,9;;15,1;41,2;;;;;;;;;30,0;48,0;;;;60,2;;;;;83,4;53,5;;57,9;94,8;;;;;;;;;26,1;50,5
1979-01-01;;;;112,0;;;;;99,3;95,1;40,9;60,3;134,6;;114,7;;102,3;50,6;74,9;147,2;;56,1;97,8;;;;;;;;;;;;;48,8;35,5;;;;48,3;;;;;19,1;42,9;;14,6;41,3;;;;;;;;;30,4;47,5;;;;62,5;;;;;80,9;53,1;;56,8;93,4;;;;;;;;;26,3;50,3
1979-04-01;;;;113,4;;;;;99,1;96,1;42,0;58,4;134,0;;117,0;;102,9;50,2;74,5;149,3;;56,7;99,2;;;;;;;;;;;;;47,1;35,2;;;;48,7;;;;;20,1;43,7;;14,1;41,7;;;;;;;;;30,4;48,1;;;;63,5;;;;;79,7;53,2;;55,7;92,3;;;;;;;;;27,2;51,0
1979-07-01;;;;114,4;;;;;97,7;95,9;42,7;57,4;135,7;;118,4;;105,0;50,7;74,2;148,9;;56,2;100,0;;;;;;;;;;;;;47,3;34,8;;;;49,1;;;;;20,8;43,9;;14,0;42,6;;;;;;;;;30,6;48,8;;;;64,1;;;;;77,4;52,8;;54,7;93,2;;;;;;;;;25,9;51,2
1979-10-01;;;;114,7;;;;;99,6;97,4;44,2;59,2;138,5;;122,1;;110,0;49,7;74,9;152,4;;55,6;100,6;;;;;;;;;;;;;44,3;34,5;;;;48,9;;;;;21,1;45,0;;14,7;44,1;;;;;;;;;30,7;49,4;;;;64,8;;;;;79,1;53,2;;55,0;94,4;;;;;;;;;24,7;51,3
1980-01-01;;;;115,1;;;;;97,2;96,1;44,3;57,0;139,0;;122,1;;112,2;48,0;74,7;152,6;;56,8;100,8;;;;;;;;;;;;;41,8;33,0;;;;48,0;;;;;21,6;44,3;;14,1;44,4;;;;;;;;;29,9;49,2;;;;66,5;;;;;76,1;52,6;;53,5;94,6;;;;;;;;;28,5;51,5
1980-04-01;;;;116,2;;;;;98,9;97,4;42,8;57,0;139,0;;123,2;;110,8;46,8;74,9;154,3;;57,1;100,3;;;;;;;;;;;;;43,9;35,4;;;;47,6;;;;;21,8;44,9;;14,3;44,6;;;;;;;;;30,3;48,9;;;;68,4;;;;;77,6;53,3;;53,3;94,4;;;;;;;;;28,2;51,4
1980-07-01;;;;116,5;;;;;98,4;97,9;41,4;54,7;139,1;;124,1;;114,6;46,6;75,3;154,1;;56,8;100,8;;;;;;;;;;;;;43,8;34,6;;;;47,5;;;;;21,9;45,1;;13,6;45,0;;;;;;;;;30,1;49,4;;;;68,8;;;;;77,0;53,6;;52,0;94,1;;;;;;;;;27,9;51,5
1980-10-01;;;;117,4;;;;;100,2;101,2;43,3;58,2;140,1;32,5;126,4;;117,3;47,5;76,7;158,0;;56,7;101,4;;;;;;;;;;;;;43,6;34,5;;;;47,6;;;;;22,3;46,8;;14,8;45,7;;;;;;24,1;;;30,1;49,7;;;;69,8;;;;;78,3;55,3;;53,9;94,4;;;;;;61,8;;;27,8;51,7
1981-01-01;;;;118,1;;;;;99,7;102,1;44,0;57,7;139,4;31,8;126,4;;118,5;51,2;76,9;157,5;;56,5;100,0;;;;;;;;;;;;;42,6;34,5;;;;46,5;;;;;22,6;47,2;;14,3;45,5;;;;;;23,9;;;30,1;48,6;;;;72,2;;;;;77,6;55,7;;53,8;93,9;;;;;;62,3;;;27,6;51,5
1981-04-01;;;;119,9;;;;;99,1;103,5;43,4;57,0;138,3;32,3;127,7;;122,0;52,6;78,1;160,3;;56,5;100,2;;;;;;;;;;;;;43,1;33,1;;;;45,7;;;;;22,5;47,9;;13,8;45,2;;;;;;24,2;;;30,8;48,3;;;;75,3;;;;;77,1;56,4;;53,6;93,1;;;;;;63,3;;;26,1;51,8
1981-07-01;;;;121,1;;;;;98,8;104,0;42,8;55,9;140,1;32,5;127,4;;126,8;53,3;79,0;158,9;;58,1;99,5;;;;;;;;;;;;;41,5;32,1;;;;44,9;;;;;22,5;48,2;;13,2;45,9;;;;;;24,4;;;31,3;47,7;;;;77,9;;;;;76,7;56,7;;53,2;94,2;;;;;;64,2;;;27,5;51,8
1981-10-01;;;;120,0;;;;;99,9;105,2;44,8;57,8;143,5;33,9;127,9;;128,3;53,6;81,5;155,8;;60,6;99,4;;;;;;;;;;;;;41,0;34,0;;;;43,5;;;;;22,4;48,9;;13,6;46,9;;;;;;25,3;;;31,7;47,6;;;;78,6;;;;;77,9;57,2;;54,1;96,6;;;;;;66,1;;;30,9;51,8
1982-01-01;;;;120,0;;;;;98,3;104,2;45,0;55,1;143,9;36,3;128,1;;127,7;54,7;80,9;149,8;;61,1;99,7;;;;;;;;;;;;;41,8;34,5;;;;42,6;;;;;22,4;48,4;;12,8;47,0;;;;;;25,1;;;31,8;47,2;;;;79,9;;;;;76,3;56,7;;52,3;96,9;;;;;;65,6;;;31,4;52,5
1982-04-01;;;;119,7;;;;;98,3;105,2;44,5;53,7;143,8;33,9;126,9;;126,5;55,2;81,4;149,5;;63,2;100,6;;;;;;;;;;;;;41,6;34,4;;;;41,9;;;;;22,6;49,0;;12,5;46,8;;;;;;25,4;;;32,8;47,3;;;;80,4;;;;;76,2;57,0;;51,4;97,0;;;;;;65,8;;;32,7;53,3
1982-07-01;;;;118,7;;;;;98,0;106,2;44,3;53,4;146,2;32,2;127,6;;130,7;56,2;81,5;153,5;;64,0;101,2;;;;;;;;;;;;;43,9;38,6;;;;41,2;;;;;22,9;49,6;;12,5;47,6;;;;;;25,5;;;33,7;47,2;;;;80,2;;;;;75,5;57,5;;51,0;98,6;;;;;;65,8;;;32,1;54,0
1982-10-01;;;;116,7;;;;;101,1;108,1;48,0;55,5;149,2;28,5;127,4;;136,4;56,5;82,6;155,7;;65,6;101,9;;;;;;;;;;;;;44,7;41,3;;;;41,1;;;;;23,4;50,6;;13,2;48,6;;;;;;26,1;;;34,6;47,8;;;;78,0;;;;;78,2;58,3;;51,9;100,5;;;;;;66,5;;;32,8;54,2
1983-01-01;;;;115,2;77,7;;;;100,8;106,6;47,5;54,0;151,2;25,6;129,3;;136,6;56,5;82,2;155,3;;66,4;101,7;;;;;;;;;;;;;43,9;42,0;;;;40,6;;;;;23,8;50,1;;12,8;49,5;;;;;;26,0;;;35,0;46,9;;;;77,0;;;;;77,3;57,3;;50,9;101,6;;;;;;66,2;;;33,3;54,8
1983-04-01;;;;113,3;75,1;;;;101,5;107,6;46,4;52,6;151,0;24,9;128,6;;139,7;55,3;82,1;158,0;;67,5;102,5;;;;;;;;;;;;;44,5;42,5;;;;40,8;;;;;24,0;51,0;;12,5;49,7;;;;;;25,9;;;35,8;47,5;;;;74,6;;;;;77,9;57,5;;50,0;101,3;;;;;;66,1;;;33,2;55,0
1983-07-01;;;;111,3;71,3;;;;100,7;108,0;45,8;51,4;152,9;22,4;128,2;;139,2;56,6;81,0;158,9;;67,8;102,9;;;;;;;;;;;;;44,3;43,2;;;;40,6;;;;;24,3;51,5;;12,2;50,5;;;;;;25,5;;;36,4;48,0;;;;72,5;;;;;76,9;57,3;;49,2;102,4;;;;;;65,3;;;32,4;54,9
1983-10-01;;;;109,2;72,3;;;;103,5;109,1;48,0;53,9;155,7;22,7;129,4;;145,7;55,9;82,0;161,1;;68,4;103,4;;;;;;;;;;;;;44,2;42,9;;;;40,5;;;;;24,0;52,4;;13,0;51,4;;;;;;25,9;;;37,1;48,4;;;;70,2;;;;;80,0;57,4;;50,2;104,3;;;;;;66,0;;;32,0;55,0
1984-01-01;;;;108,6;71,6;;;;102,3;107,6;48,4;53,5;156,6;21,3;129,9;;145,1;57,5;79,4;158,9;;70,6;103,2;;;;;;;;;;;;;43,6;42,5;;;;39,9;;;;;24,2;51,8;;12,7;51,6;;;;;;24,5;;;38,4;47,9;;;;70,4;;;;;78,5;56,6;;50,4;105,0;;;;;;64,5;;;32,6;55,3
1984-04-01;;;;107,8;70,2;;;;103,4;108,5;48,7;54,1;155,4;22,8;129,4;;144,4;58,8;79,6;160,9;;72,4;104,4;;;;;;;;;;;;;43,1;41,3;;;;39,8;;;;;24,6;52,3;;12,6;51,3;;;;;;24,2;;;39,6;48,2;;;;69,6;;;;;79,2;56,8;;51,2;104,1;;;;;;65,0;;;33,1;56,2
1984-07-01;;;;106,9;76,6;;;;103,7;108,7;47,9;55,0;158,0;23,1;128,7;;143,7;58,8;77,1;160,2;;73,4;104,9;;;;;;;;;;;;;44,0;43,4;;;;39,5;;;;;24,8;52,6;;12,7;51,8;;;;;;22,9;;;40,3;48,4;;;;69,0;;;;;79,2;56,8;;52,1;106,2;;;;;;63,6;;;33,2;56,5
1984-10-01;;;;106,1;84,3;;;;105,2;109,8;50,6;57,8;159,4;25,5;129,9;;145,3;59,8;79,0;160,8;;76,0;106,6;;;;;;;;;;;;;44,1;45,2;;;;39,5;;;;;25,3;53,3;;13,3;52,4;;;;;;23,4;;;41,1;49,0;;;;68,0;;;;;80,3;57,1;;54,2;107,0;;;;;;65,3;;;35,6;57,6
1985-01-01;;;;106,5;86,1;;;;103,1;109,7;50,9;56,9;160,4;25,7;130,1;;143,5;59,3;76,1;161,5;;77,4;107,6;;;;;;;;;;;;;42,9;45,6;;;;39,1;;;;;25,9;53,6;;13,5;52,1;;;;;;22,6;;;41,6;49,8;;;;69,0;;;;;77,5;56,8;;53,6;108,3;;;;;;62,8;;;37,1;57,8
1985-04-01;;;;106,2;77,5;;;;103,3;109,6;49,5;55,8;159,0;25,4;129,8;;143,8;59,6;76,3;160,4;;76,5;109,2;;;;;;;;;;;;;42,8;47,8;;;;39,2;;;;;26,0;53,9;;13,5;51,5;;;;;;23,1;;;41,2;50,7;;;;68,5;;;;;77,6;56,4;;52,8;107,4;;;;;;62,5;;;36,3;58,5
1985-07-01;;;;107,6;76,9;;;;103,0;108,8;49,5;54,3;160,3;29,2;129,2;;142,9;62,8;74,6;159,8;;78,0;110,4;;;;;;;;;;;;;43,1;48,5;;;;39,6;;;;;26,2;53,7;;13,5;51,8;;;;;;22,8;;;42,7;52,0;;;;69,5;;;;;77,1;55,6;;51,8;108,5;;;;;;60,9;;;35,4;58,5
1985-10-01;;;;107,8;72,2;63,2;;;105,1;110,1;50,6;57,8;162,0;29,9;129,6;;140,1;62,1;75,3;162,1;;77,3;113,1;;;;;;;;;;;;;42,9;52,1;;;;40,5;;;;;26,5;54,8;;15,0;52,1;;;;;;23,4;;;42,4;53,7;;;;68,6;;;;;78,9;55,9;;53,3;109,9;;;;;;61,0;;;34,9;59,4
1986-01-01;;;;108,3;69,4;62,2;;;103,7;108,8;53,0;54,0;162,3;29,1;130,8;;142,8;59,6;71,8;161,8;;79,9;113,3;;;;;;;;;;;;;44,6;54,2;;;;40,5;;;;;26,2;54,2;;14,3;52,5;;;;;;22,6;;;43,8;53,4;;;;69,2;;;;;77,9;55,1;;51,0;109,8;;;;;;57,9;;;36,3;59,9
1986-04-01;;;;109,8;64,1;63,5;;;103,5;108,6;51,4;54,1;161,8;32,7;131,9;;141,5;58,6;71,5;164,2;;81,3;115,0;;;;;;;;;;;;;44,5;54,3;;;;41,0;;;;;26,5;54,3;;14,7;52,2;;;;;;23,1;;;45,1;54,1;;;;70,2;;;;;77,3;54,9;;50,9;109,7;;;;;;57,0;;;35,6;60,9
1986-07-01;;;;110,6;60,7;64,3;;;102,2;107,8;50,6;53,8;164,5;33,1;131,8;;140,5;54,8;69,7;165,3;;81,9;116,9;;;;;;;;;;;;;43,1;55,2;;;;42,2;;;;;26,7;53,9;;15,0;53,2;;;;;;22,9;;;45,2;55,4;;;;69,5;;;;;75,8;54,3;;50,5;111,3;;;;;;55,1;;;36,4;61,5
1986-10-01;;;;111,8;59,7;71,5;;;102,3;107,7;51,7;57,7;168,3;33,2;136,0;;134,9;54,4;70,6;166,8;;84,7;119,4;;;;;;;;;;;;;42,9;56,7;;;;43,2;;;;;26,7;54,0;;16,6;53,6;;;;;;23,8;;;46,6;56,6;;;;69,4;;;;;75,9;54,1;;52,4;114,6;;;;;;55,2;;;38,0;62,8
1987-01-01;;;;112,1;58,5;72,2;;;104,6;106,6;54,3;56,6;170,2;31,4;138,4;;130,7;52,1;68,6;168,3;;86,5;119,4;;;;;;;;;;;;;44,5;56,2;;;;43,6;;;;;27,2;53,5;;16,4;55,0;;;;;;23,8;;;47,5;56,0;;;;69,3;;;;;77,7;53,6;;51,9;115,1;;;;;;52,9;;;39,0;63,4
1987-04-01;;;;114,1;57,7;73,5;;;105,4;106,4;51,9;57,2;176,3;30,8;142,3;;131,1;50,7;68,9;171,9;;87,3;121,1;;;;;;;;;;;;;44,0;55,1;;;;44,9;;;;;27,6;53,4;;16,8;55,5;;;;;;24,7;;;48,3;57,2;;;;69,9;;;;;78,0;53,5;;52,2;120,8;;;;;;52,3;;;39,0;63,9
1987-07-01;;;;114,5;55,9;74,3;;;105,3;107,3;51,4;54,9;180,3;29,0;140,1;;130,9;50,9;67,6;172,8;;88,6;122,0;;;;;;;;;;;;;41,7;53,5;;;;45,7;;;;;28,2;53,9;;16,2;57,7;;;;;;24,9;;;48,9;58,0;;;;69,1;;;;;77,3;53,9;;51,1;122,6;;;;;;50,6;;;39,7;64,1
1987-10-01;;;;115,3;56,1;73,0;;;106,3;107,8;51,8;58,9;183,7;31,8;142,5;;126,0;51,5;69,2;174,2;;88,5;122,7;;;;;;;;;;;;;41,8;55,7;;;;46,3;;;;;29,0;54,1;;17,6;59,6;;;;;;26,3;;;49,6;58,1;;;;69,3;;;;;77,5;54,1;;53,1;124,1;;;;;;50,9;;;38,9;64,6
1988-01-01;;;;116,7;53,9;71,6;;;106,9;106,5;54,4;56,7;183,1;24,1;144,5;;121,7;53,0;67,7;177,8;;90,8;122,9;;;;;;;;;;;;;41,8;55,8;;;;46,6;;;;;29,2;53,3;;17,2;59,4;;;;;;26,1;;;50,0;57,9;;;;70,4;;;;;77,9;53,7;;52,1;123,7;;;;;;49,4;;;40,9;64,9
1988-04-01;;;;118,0;53,2;72,3;;;107,8;106,9;52,0;58,4;183,5;20,1;148,0;;124,6;52,4;68,3;181,3;;94,5;123,9;;;;;;;;;;;;;38,9;55,1;;;;47,7;;;;;29,5;53,4;;17,9;59,8;;;;;;26,7;;;51,2;58,5;;;;70,6;;;;;78,4;54,0;;53,1;123,7;;;;;;49,4;;;43,2;65,4
1988-07-01;;;;120,0;53,4;71,2;;;108,6;106,6;51,4;57,3;186,3;18,1;148,3;;119,3;53,6;68,8;183,6;;97,2;124,2;;;;;;;;;;;;;37,9;55,4;;;;48,8;;;;;29,6;53,1;;17,8;61,0;;;;;;27,3;;;52,9;58,9;;;;71,3;;;;;79,2;54,0;;52,7;125,3;;;;;;49,4;;;44,3;65,2
1988-10-01;;;;121,3;54,1;69,4;;;111,9;107,3;54,3;61,4;190,0;18,9;153,4;;119,4;53,7;72,0;185,7;;98,4;124,9;;;;;;;;;;;;;36,6;55,5;;;;49,4;;;;;30,0;53,4;;19,3;61,9;;;;;;29,0;;;53,6;59,2;;;;72,0;;;;;82,1;54,4;;54,9;128,1;;;;;;51,3;;;44,8;65,7
1989-01-01;;;;122,6;56,1;67,5;;;111,0;106,2;54,4;60,4;191,2;18,2;156,0;;118,9;54,0;71,5;190,3;;101,3;124,5;;;;;;;;;;;;;35,8;54,9;;;;49,8;;;;;29,8;52,7;;18,2;63,0;;;;;;29,0;;;53,8;58,8;;;;73,0;;;;;81,5;54,0;;52,5;128,2;;;;;;50,6;;;47,4;65,7
1989-04-01;;;;124,3;54,5;66,9;;;113,6;106,6;54,3;62,2;192,6;19,4;158,3;;120,6;53,5;74,2;194,5;;103,9;125,0;;;;;;;;;;;;;33,6;56,4;;;;50,6;;;;;30,2;52,8;;18,0;63,0;;;;;;30,4;;;54,5;59,2;;;;73,9;;;;;83,6;54,3;;51,7;129,6;;;;;;52,2;;;49,4;65,8
1989-07-01;;;;126,3;58,2;67,7;;;113,8;106,6;53,4;60,5;197,2;20,6;156,9;;126,2;53,4;73,6;194,8;;106,1;124,7;;;;;;;;;;;;;32,7;56,0;;;;51,5;;;;;30,2;52,7;;16,8;64,9;;;;;;30,4;;;55,2;59,5;;;;74,9;;;;;83,9;54,4;;49,2;132,3;;;;;;51,6;;;50,9;65,2
1989-10-01;;;;128,7;62,1;72,9;;;116,7;107,8;54,8;65,1;201,0;23,9;157,0;;129,0;53,7;75,0;196,6;;107,0;125,2;;;;;;;;;;;;;31,4;57,5;;;;52,9;;;;;30,1;53,3;;17,5;66,5;;;;;;31,1;;;55,7;60,0;;;;75,8;;;;;86,9;55,1;;49,9;134,5;;;;;;52,3;;;51,3;65,2
1990-01-01;;;;130,8;62,4;73,7;;;117,6;107,7;55,7;62,7;205,9;21,1;159,3;;124,6;52,6;74,7;197,3;;112,6;125,5;;74,8;;;;;;;;;;;28,4;55,7;;;;53,6;;;;;30,5;53,2;;16,8;68,3;;;;;;30,9;;;55,9;60,2;;;;77,2;;;;;87,4;55,1;;48,9;137,6;;;;;;52,3;;;56,6;65,3
1990-04-01;;;;132,2;60,0;75,9;;;118,3;106,2;54,7;63,5;204,3;23,0;162,0;;126,2;52,5;75,8;198,6;;114,1;125,5;;75,7;;;;;;;;;;;29,3;56,2;;;;54,5;;;;;30,9;52,4;;16,9;67,9;;;;;;31,3;;;56,9;60,5;;;;77,7;;;;;87,7;54,4;;49,5;136,3;;;;;;53,1;;;57,2;65,0
1990-07-01;;;;133,7;58,6;79,3;;;118,6;105,7;53,1;61,6;206,0;22,9;163,4;;123,6;52,1;76,0;197,8;;113,8;125,2;;77,1;;;;;;;;;;;28,3;56,4;;;;55,0;;;;;31,3;52,1;;16,3;68,4;;;;;;30,8;;;57,2;60,7;;;;78,6;;;;;87,6;54,2;;48,8;137,5;;;;;;53,8;;;56,6;64,4
1990-10-01;;;;134,8;63,5;81,7;;;123,7;106,3;53,8;68,0;207,6;24,9;164,4;;123,8;53,1;75,6;196,6;;114,7;125,1;;80,0;;;;;;;;;;;28,3;58,8;;;;55,6;;;;;31,9;52,4;;18,2;68,4;;51,9;;;;30,6;;;57,6;61,1;;;;79,2;;;;;92,1;54,4;;52,3;139,3;;116,5;;;;53,4;;;57,1;63,9
1991-01-01;;;;136,7;60,5;80,6;;;124,4;105,0;53,8;64,7;205,6;25,0;166,6;;128,1;54,3;76,2;196,0;;115,3;124,4;;82,7;;;;;;;;;;;27,9;59,3;;;;56,0;;;;;31,9;50,6;;17,2;67,6;;52,9;;24,6;;30,5;;;57,6;61,1;;;;80,7;;;;;92,9;55,1;;50,8;138,0;;117,7;;103,9;;54,3;;;57,7;63,3
1991-04-01;;;;138,1;58,1;80,4;;;125,5;105,2;52,1;67,0;204,5;26,6;165,2;;123,7;53,7;77,1;197,3;;117,1;124,7;;84,4;;;;;;;;;;;29,3;59,7;;;;57,0;;;;;32,2;50,3;;17,8;67,4;;51,9;;25,1;;31,2;;;58,3;61,8;;;;81,1;;;;;93,7;55,6;;52,1;137,1;;117,3;;98,8;;54,6;;;58,8;62,9
1991-07-01;;;;139,3;57,6;81,8;;;126,0;106,7;50,4;66,1;204,6;27,8;164,9;;124,0;53,9;76,9;196,2;;116,3;123,8;;86,8;;;;;;;;;;;29,6;62,2;;;;57,9;;;;;32,5;50,6;;17,6;67,0;;51,6;;25,3;;30,6;;;58,8;61,9;;;;81,4;;;;;93,9;56,8;;51,8;137,6;;117,5;;98,9;;54,9;;;57,5;61,8
1991-10-01;;;;141,1;58,1;83,0;;;128,0;107,3;50,4;70,4;206,3;31,5;167,0;;124,2;53,1;77,5;195,6;;114,7;123,1;;89,4;;;;;;;;;;;28,7;65,7;;;;58,4;;;;;32,7;51,2;;18,9;67,4;;52,5;;25,1;;31,0;;;58,6;62,6;;;;82,8;;;;;95,7;56,8;;54,1;138,9;;118,8;;99,4;;55,2;;;56,1;60,5
1992-01-01;;;;141,2;56,1;79,6;;;129,1;107,2;51,2;69,4;204,9;32,4;168,6;;122,1;52,0;75,4;195,6;;113,9;122,0;;88,0;;;;;;;;;;;28,8;64,0;;;;58,2;;;;;32,4;50,9;;18,4;66,9;;53,0;;24,8;;30,2;;;58,2;62,1;;;;83,0;;;;;97,1;57,1;;54,0;137,9;;119,8;;97,5;;53,7;;;55,7;59,9
1992-04-01;;;;142,6;57,1;78,7;;;129,6;107,9;51,9;70,8;204,8;34,3;169,8;;125,9;51,6;76,0;195,9;;113,0;121,0;;91,8;;;;;;;;;;;30,7;65,7;;;;59,0;;;;;32,5;51,2;;18,6;66,7;;53,2;;24,8;;30,8;;;58,4;61,9;;;;83,6;;;;;97,5;57,5;;55,1;138,0;;120,9;;101,5;;53,8;;;54,6;59,1
1992-07-01;;;;142,9;58,5;76,0;;;129,0;108,2;51,9;70,8;205,4;35,8;171,9;;125,4;51,7;76,4;195,7;;112,4;120,2;;92,9;;;;;;;;;;;32,4;67,6;;;;59,5;;;;;32,4;51,3;;18,5;66,5;;53,9;;25,2;;30,7;;;59,0;62,1;;;;83,4;;;;;97,0;57,6;;55,5;138,9;;122,4;;100,5;;54,3;;;53,4;58,1
1992-10-01;;;;142,7;61,3;80,5;;;132,4;107,9;52,8;74,5;208,6;37,5;173,4;;124,6;52,0;77,9;195,6;;115,8;119,2;;93,4;;;;;;;;;;;34,0;67,5;;;;59,9;;;;;32,7;51,9;;19,3;67,4;;54,1;;25,4;;31,0;;;59,0;62,2;;;;82,8;;;;;100,1;56,8;;58,0;141,2;;123,8;;99,3;;55,7;;;56,8;57,0
1993-01-01;;;;144,2;62,6;83,8;;;135,4;109,7;54,0;73,9;208,5;38,3;175,7;;124,1;51,4;77,3;196,6;;113,2;118,2;;97,3;;;;;;;;;;;35,4;68,5;;;;59,6;;;;;33,7;52,2;;19,1;67,5;;55,5;;25,2;;30,9;;;58,5;61,4;;;;84,6;;;;;102,1;58,2;;57,8;141,0;;124,4;;99,1;;55,2;;;54,8;56,7
1993-04-01;;;;144,1;63,9;82,5;;;137,6;111,3;52,5;74,0;209,2;40,0;174,7;;125,1;50,2;78,3;196,7;;112,6;118,3;;100,6;;;;;;;;;;;37,8;69,5;;;;60,3;;;;;33,9;52,9;;19,1;67,3;;55,3;;26,5;;31,3;;;58,4;61,7;;;;83,8;;;;;104,2;59,2;;58,0;141,9;;123,6;;98,5;;55,8;;;54,1;56,6
1993-07-01;;;;145,3;65,6;80,0;;;138,3;113,0;50,1;72,7;211,3;41,3;173,9;;123,8;50,4;78,0;194,8;;112,8;118,5;;101,4;;;;;;;;;;;39,7;70,7;;;;60,4;;;;;34,0;53,8;;18,6;68,2;;55,3;;26,8;;31,5;;;58,3;62,2;;;;84,9;;;;;104,7;60,0;;57,4;143,0;;122,8;;96,8;;55,3;;;54,5;56,3
1993-10-01;;;;144,8;68,9;82,7;;;137,0;115,7;50,1;74,9;213,6;42,6;176,2;;123,9;50,1;78,6;190,8;;114,3;118,8;;103,4;;;;;;;;;;;42,1;70,4;;;;60,6;;;;;34,7;55,5;;19,2;68,7;;56,9;;27,7;;31,4;;;58,3;62,8;;;;84,2;;;;;102,7;61,0;;58,6;144,9;;123,2;;95,8;;56,0;;;56,0;56,1
1994-01-01;;;;144,8;67,8;79,9;;;135,8;113,5;49,9;71,5;212,6;44,0;179,4;;122,9;50,1;76,6;190,7;;112,1;118,8;;100,8;;;;;;;;;;;40,5;67,8;;;;60,3;;;;;34,5;55,6;;18,3;68,9;;58,8;;29,4;;31,1;;;58,2;62,4;;;;84,6;;;;;101,6;58,5;;56,5;143,8;;124,3;;92,7;;54,2;;;53,9;56,4
1994-04-01;;;;144,1;66,6;78,3;;;133,6;114,2;48,0;71,3;211,3;45,4;180,4;;123,1;49,7;76,3;190,9;;109,6;118,9;;100,2;;;;;;;;;;;39,8;65,6;;;;60,1;;;;;34,5;56,3;;18,4;68,8;;59,5;;30,1;;31,3;;;58,0;62,6;;;;84,0;;;;;99,5;58,6;;56,1;142,5;;124,6;;92,0;;53,6;;;51,6;56,3
1994-07-01;;;;142,9;67,1;76,6;;;131,5;115,2;49,0;69,2;212,6;46,1;180,5;;124,7;50,8;75,1;191,0;;109,5;118,8;;99,7;;;;;;;;;;;40,4;64,7;;;;60,1;;;;;34,1;57,0;;17,9;69,3;;59,6;;31,1;;30,8;;;58,1;62,8;;;;82,8;;;;;97,7;58,8;;54,6;143,3;;124,4;;92,5;;52,7;;;51,4;56,0
1994-10-01;;;;142,3;67,7;76,1;;;132,3;116,4;49,2;71,5;214,2;47,2;181,4;;122,5;51,4;74,8;190,7;;110,9;119,4;;100,4;;;;;;;;;;;40,7;64,3;;;;60,1;;;;;33,9;58,2;;18,8;69,5;10,2;60,4;;32,7;;31,1;;;58,3;63,5;;;;82,2;;;;;98,7;58,8;;55,4;144,7;37,0;124,5;;88,2;;52,2;;;52,6;55,8
1995-01-01;;;;143,0;68,4;74,3;;;130,5;112,8;52,1;70,3;213,3;48,3;181,2;;128,1;51,6;81,8;191,3;;109,9;119,2;;101,2;;;;;102,4;;;59,2;;;41,7;65,5;;;;59,5;;;;;33,7;57,9;;17,5;69,6;10,8;61,3;;33,3;;31,1;;;58,2;63,0;;;;83,5;;;;;97,2;55,2;;52,8;143,7;37,6;123,1;;93,3;;50,7;;;51,7;56,2
1995-04-01;;;;141,8;66,2;72,6;;;131,6;114,0;50,3;70,8;211,2;48,6;182,8;22,5;135,2;51,6;81,5;191,8;;110,5;120,2;;103,1;;;;;106,0;;;60,9;;;43,1;67,6;;;;59,4;;;;;33,6;58,4;;17,8;69,4;11,1;63,0;;33,6;;31,5;;;58,2;63,5;;;;82,5;;;;;98,3;56,0;;53,0;141,9;37,5;122,7;;100,4;;50,0;;;52,3;56,6
1995-07-01;;;;141,9;68,4;72,4;;;131,0;114,3;51,1;69,3;211,7;48,1;180,8;20,1;136,4;52,3;80,3;191,2;;109,9;120,7;;103,3;;;;;106,3;;;61,9;;;44,2;67,1;;;;59,9;;;;;33,4;58,8;;17,3;69,7;11,2;62,8;;34,2;;31,2;;;58,2;64,3;;;;82,0;;;;;98,0;55,9;;52,0;142,0;36,9;120,7;;100,9;;49,1;;;51,6;56,4
1995-10-01;;;;141,9;72,6;75,3;;;130,8;115,3;51,1;69,8;212,5;46,9;180,1;18,4;141,1;53,2;79,8;193,2;;112,0;121,5;;101,2;;;;;111,5;;;62,7;41,5;;45,1;68,3;;;;59,9;;;;;33,4;60,0;;17,4;70,1;11,1;63,2;;35,6;;31,2;;;58,1;64,8;;;;81,9;;;;;97,8;55,5;;52,5;142,4;35,8;119,4;;104,1;;48,6;;;53,9;56,6
1996-01-01;;;52,0;142,0;73,9;74,2;;;129,9;116,1;53,3;68,4;210,8;44,2;182,9;17,1;141,7;54,3;78,6;195,6;;109,2;121,8;;104,8;;;;;111,4;;;63,9;41,9;;43,9;66,8;;;12,4;60,0;;;;;33,3;60,2;;17,2;69,8;10,9;65,1;;36,5;;31,5;;;57,5;65,0;;;39,6;82,0;;;;;97,1;56,1;;51,1;141,0;33,3;120,2;;103,6;;47,1;;;51,7;56,8
1996-04-01;;;50,8;142,1;74,2;76,3;;;129,7;117,5;51,2;68,2;208,8;42,1;184,7;17,1;148,1;54,3;79,3;196,3;;109,7;122,3;;104,2;;;;;114,2;;;64,8;42,3;;44,9;65,1;;;11,9;60,5;;;;;33,1;60,9;;17,3;69,5;10,7;66,4;;37,6;;32,4;;;57,4;65,3;;;39,0;81,6;;;;;97,1;56,9;;51,0;139,3;31,4;120,4;;109,1;;46,8;;;52,3;57,0
1996-07-01;;;47,4;142,2;77,0;75,7;;;128,8;118,6;50,3;67,2;207,7;40,3;185,8;14,9;149,4;54,9;78,5;195,5;;109,4;122,5;;105,6;;;;;115,3;;;66,2;43,0;;45,3;64,9;;;11,8;60,8;;;;;33,3;61,8;;17,1;69,7;10,6;67,3;;38,0;;31,9;;;57,2;65,6;;;35,6;81,4;;;;;95,8;57,0;;50,1;138,0;29,7;120,5;;109,9;;46,6;;;52,2;56,9
1996-10-01;;47,6;44,9;142,0;80,7;78,0;69,7;;129,6;120,2;49,9;68,2;208,5;38,7;187,5;15,8;151,2;55,2;79,5;196,5;;108,7;122,3;;105,9;;;;;118,3;;;70,0;43,6;;44,7;65,5;;16,534000000000002;11,7;61,1;;;;;33,5;63,2;;17,5;69,5;10,4;68,6;;38,6;;32,1;;;56,8;65,9;;31,022;33,0;80,9;;;;;96,5;57,2;;50,7;139,0;28,2;120,7;;111,1;;47,4;;;51,9;56,5
1997-01-01;;49,2;44,0;144,2;82,1;80,8;70,5;;130,3;120,6;51,7;67,2;205,0;38,2;193,9;15,9;153,9;55,3;79,8;198,0;;108,2;122,1;;103,4;;;;;119,1;;;68,4;44,1;;44,2;64,0;;15,983;11,9;61,1;;;;;33,3;63,2;;17,5;68,9;10,5;72,8;;39,1;;32,3;;;56,5;65,4;;33,207;31,9;83,1;;;;;97,4;57,7;;49,7;136,2;27,7;122,4;;113,2;;47,6;;;51,7;56,8
1997-04-01;;50,6;45,7;144,7;82,1;81,2;71,9;;130,6;121,6;49,8;67,7;203,9;37,0;197,7;17,5;153,8;55,6;81,0;198,1;;110,0;122,7;;101,3;;;;;121,1;;;70,1;44,7;;45,5;63,3;;15,518;12,2;61,2;;;;;33,5;63,9;;17,8;68,8;10,1;75,6;;39,3;;33,6;;;57,0;65,5;;35,082;33,3;83,5;;;;;97,4;58,0;;49,9;135,0;26,9;122,9;;112,8;;47,4;;;53,1;57,2
1997-07-01;;52,7;46,6;145,1;84,2;82,3;69,6;;130,0;122,1;49,2;66,6;203,3;34,6;200,0;18,5;158,9;56,4;81,8;196,3;;112,1;123,5;;98,7;;;;;121,3;;;70,2;45,1;;46,3;63,6;;15,55;12,7;61,7;;;;;33,5;64,4;;17,7;69,0;9,7;77,7;;39,7;;33,6;;;57,2;65,9;;37,165;33,7;83,4;;;;;96,8;57,9;;48,9;134,3;24,9;122,9;;117,7;;48,2;;;54,9;57,6
1997-10-01;;54,2;47,7;145,1;88,4;85,1;62,6;;129,8;123,2;50,6;67,7;206,2;33,0;192,4;19,1;158,8;57,2;82,7;195,4;;112,0;124,1;;99,3;;;;;120,0;90,1;;69,7;45,4;;45,9;64,2;;15,41;12,5;62,0;;;;;33,7;65,1;;17,8;69,3;9,3;74,2;;39,6;;34,3;;;57,7;66,0;;38,785;35,0;83,1;;;;46,0;96,4;58,3;;49,9;136,9;23,8;118,9;;117,6;;48,5;;;54,3;58,0
1998-01-01;;53,9;49,1;146,5;90,9;84,5;66,6;;129,5;123,2;53,7;67,1;203,2;32,7;197,5;19,3;154,2;59,2;83,5;194,8;;113,6;124,9;;99,0;10,4;;;;122,0;92,8;;70,9;46,1;;45,3;63,7;;15,368;12,6;62,3;;;;;32,9;64,8;;17,8;68,6;9,1;77,4;0,6;39,1;;35,0;;;58,3;65,7;;38,565;36,4;84,2;;;;46,7;97,0;58,6;;49,3;134,6;23,5;120,6;18,3;113,6;;48,5;;;55,2;59,1
1998-04-01;;54,2;49,2;148,7;93,8;86,0;67,1;;129,1;123,8;52,2;67,5;202,8;32,4;198,4;20,3;154,1;60,7;86,1;194,7;;115,2;127,0;;98,4;10,4;;;;123,4;95,7;;70,7;46,5;;45,5;62,6;;15,477;12,4;62,8;;;;;33,1;65,3;;18,4;69,3;8,9;78,0;0,6;39,4;;36,5;;;58,7;66,4;;38,705;36,7;85,9;;;;47,1;96,4;58,8;;49,0;133,6;23,5;120,7;19,3;113,1;;49,6;;;56,5;60,5
1998-07-01;;55,5;49,4;150,8;94,1;89,3;69,7;;128,5;125,1;51,9;66,6;203,8;32,2;201,7;30,4;152,8;60,6;86,4;192,3;;118,9;128,1;;96,5;10,5;;;;122,7;98,4;;71,7;47,2;;46,8;63,3;;15,928;12,7;64,0;;;;;33,2;65,7;;18,3;69,3;8,6;80,0;0,8;39,8;;36,7;;;59,5;66,9;;39,54;36,6;86,8;;;;47,1;95,7;59,6;;48,3;134,5;23,6;121,8;29,2;111,2;;49,6;;;59,4;61,2
1998-10-01;;54,4;49,3;151,3;95,7;91,4;73,5;;127,9;127,6;51,2;68,3;199,3;30,2;202,9;33,8;155,8;62,0;88,7;191,6;;120,0;129,4;;97,4;11,4;;68,1;61,4;122,5;98,9;71,0;69,7;47,9;;47,1;62,4;;15,143;12,6;64,3;;;;;33,1;67,3;;18,7;69,8;8,8;80,7;0,6;40,7;;37,9;;;59,8;67,5;;39,242;36,5;87,0;;;;47,8;95,1;60,5;;49,6;129,5;21,5;122,2;32,8;113,4;;50,8;;;60,2;61,9
1999-01-01;138,8;54,7;49,7;149,9;99,2;91,5;72,1;115,4;128,1;125,3;54,2;68,5;195,9;29,3;207,7;32,5;155,7;62,3;92,5;196,2;126,4;123,1;130,4;72,1;95,6;11,8;78,4;68,0;63,3;122,3;103,6;69,6;68,1;47,4;;45,8;60,3;;14,883;12,5;63,9;;;;46,9;33,0;68,3;;19,4;69,5;8,9;82,8;0,6;41,5;;39,1;;;60,6;67,5;;39,822;37,0;86,1;;;;68,5;95,4;57,0;;49,1;126,4;20,4;124,9;31,4;112,2;;53,4;;;62,6;62,9
1999-04-01;137,2;55,5;48,2;148,8;104,5;92,9;73,3;117,5;130,6;127,4;51,8;71,9;193,9;28,6;209,4;28,1;155,9;62,0;99,3;199,4;125,5;125,8;131,3;69,9;91,3;13,9;77,2;66,2;62,6;122,2;108,1;68,0;66,5;47,0;;44,9;57,4;;14,773;12,5;64,1;;;;47,7;33,6;69,6;;20,0;69,7;8,6;84,4;0,5;42,3;;40,5;;;61,2;68,1;;40,703;35,6;84,7;;;;69,7;97,4;57,8;;51,9;124,2;20,0;125,1;27,3;111,4;;58,8;;;64,6;63,2
1999-07-01;143,9;55,1;49,3;147,2;106,7;94,4;72,2;118,5;131,7;128,7;52,3;72,6;193,5;26,5;212,4;25,9;153,3;61,0;100,6;201,2;131,0;126,8;133,1;72,5;89,1;15,1;75,6;65,7;61,9;119,9;110,2;63,6;64,1;46,4;;43,2;56,2;;14,314;12,5;63,6;;;;48,2;34,0;70,2;;20,3;70,2;8,2;85,9;0,5;42,5;;40,9;;;62,1;68,8;;40,766;36,6;83,6;;;;70,3;98,0;58,5;;52,3;123,3;18,3;126,5;25,0;108,3;;59,7;;;64,6;64,3
1999-10-01;144,8;53,9;48,7;144,6;105,4;105,2;75,9;120,9;133,4;131,8;54,9;75,6;196,3;25,7;214,4;25,6;152,9;60,6;103,7;199,8;132,3;128,7;134,0;71,6;87,4;15,8;74,5;64,5;61,8;117,0;112,8;62,2;64,3;45,5;;43,7;55,2;64,0;13,592;12,2;63,3;;;;48,7;34,1;70,7;;21,1;71,0;8,1;87,0;0,5;42,4;;42,1;103,8;;63,1;69,5;80,8;40,326;36,4;81,3;;;;72,2;99,7;61,0;;54,5;125,2;17,6;127,4;24,8;107,9;;61,6;96,1;;65,6;64,5
2000-01-01;143,0;50,9;44,2;147,1;103,3;105,1;74,6;120,9;133,4;133,4;55,8;75,1;193,6;25,1;214,5;23,4;148,2;58,7;107,8;193,8;130,4;130,1;134,8;70,7;85,2;13,7;74,3;63,6;61,9;116,6;115,3;62,5;62,2;46,8;;41,9;54,7;63,3;11,969;12,2;62,9;;;;48,7;34,1;70,4;;21,4;71,1;8,0;87,2;0,4;42,2;;42,9;102,6;;63,3;69,5;79,7;38,913;31,8;84,2;;;;72,2;99,6;63,0;;53,7;122,5;17,0;127,3;22,7;103,2;;64,9;90,7;;66,9;65,3
2000-04-01;142,2;49,4;45,7;146,2;105,5;101,8;72,7;121,8;134,9;135,4;56,9;75,8;189,7;25,4;215,8;22,2;149,6;57,9;111,7;193,3;129,3;133,5;135,7;69,3;83,1;14,7;73,5;63,0;61,1;116,2;117,8;59,9;61,1;45,7;;42,1;51,9;63,1;11,152;13,9;62,2;;;;48,9;34,2;70,7;;21,6;70,2;7,9;88,1;0,4;42,3;;43,9;101,4;;64,3;69,7;79,1;38,201;31,4;84,1;;;;72,9;101,1;64,7;;54,2;119,5;17,5;127,6;21,4;104,5;;67,7;91,7;;69,2;66,0
2000-07-01;139,5;48,1;45,0;145,6;106,5;102,9;71,9;123,5;136,8;135,1;56,7;76,5;189,1;24,5;217,5;22,5;148,0;59,0;115,7;191,1;126,7;135,2;136,2;66,6;79,6;16,2;72,7;62,3;61,1;114,0;117,6;57,7;60,3;44,9;;41,0;51,0;62,2;10,445;14,0;61,8;;;;49,2;34,2;70,8;;21,9;70,3;7,6;89,3;0,5;41,9;;44,2;100,7;;64,8;70,4;77,3;37,658;30,5;83,8;;;;74,2;103,1;64,3;;54,6;118,8;16,9;128,3;21,7;103,3;;71,5;90,1;;70,4;65,8
2000-10-01;142,9;46,9;47,2;143,9;109,4;105,5;70,6;126,0;137,7;140,6;58,7;79,3;187,5;24,0;219,7;23,7;147,3;58,6;117,9;191,3;128,9;136,0;136,7;68,1;79,8;16,8;72,0;62,6;60,8;112,5;120,0;55,7;60,8;44,3;;41,3;51,3;63,7;9,655;13,9;61,3;;;;49,6;34,2;71,2;;22,6;69,8;7,3;89,6;0,6;41,7;;45,4;100,8;;65,3;70,8;79,2;37,198;33,0;82,6;;;;76,5;104,0;69,4;;56,6;117,7;16,6;130,1;23,0;102,7;;72,5;90,1;;70,7;65,9
2001-01-01;138,5;46,3;49,1;146,7;111,6;96,2;68,1;125,7;139,2;141,2;59,6;79,8;184,9;23,5;216,0;22,3;149,3;58,2;118,5;196,1;124,8;139,5;136,3;66,6;78,9;16,9;71,7;62,1;59,9;113,6;125,9;54,5;59,0;45,9;;39,1;51,7;61,9;9,395;14,0;60,5;;;;49,4;34,2;70,6;;22,8;68,6;7,4;89,4;0,8;42,8;;45,5;100,5;;65,9;70,6;76,7;36,857;34,7;86,2;;;;76,3;105,5;70,7;;57,0;116,4;16,1;126,6;21,4;103,7;;73,0;96,0;;73,7;65,7
2001-04-01;140,0;46,3;47,8;146,7;113,0;97,7;69,1;126,7;141,2;141,7;59,1;80,7;182,3;22,5;216,0;23,3;152,1;57,5;121,6;192,0;126,1;140,4;138,4;66,0;76,2;18,0;71,3;62,4;58,9;113,2;127,8;55,8;58,3;45,6;;38,1;49,5;62,9;9,432;10,8;60,8;;;;49,6;34,3;70,4;;23,4;68,2;7,3;89,7;0,9;43,2;;46,6;100,2;;66,8;71,9;77,1;36,859;37,0;85,8;;;;77,1;107,3;71,3;;57,4;114,1;15,1;126,3;22,3;106,0;;75,0;91,8;;73,6;66,5
2001-07-01;146,4;46,1;51,0;149,6;117,6;97,3;70,0;127,4;141,9;142,3;59,2;80,8;182,1;22,6;215,3;24,7;156,9;59,0;124,9;188,7;131,5;141,7;140,4;69,2;77,4;20,4;71,4;63,2;59,7;112,2;126,0;53,9;57,8;44,8;;37,6;51,2;66,1;9,304;11,0;61,8;;;;49,7;34,4;70,4;;23,5;68,5;7,4;90,2;0,9;45,0;;46,5;99,6;;68,0;73,9;80,3;36,805;40,2;87,8;;;;77,8;108,0;71,9;;57,3;113,6;15,2;125,0;23,6;108,9;;78,3;88,6;;73,8;66,6
2001-10-01;144,0;46,0;49,3;150,6;112,3;98,0;72,0;129,6;142,8;141,8;60,2;82,8;182,8;22,6;217,1;26,3;166,1;62,1;126,8;186,8;129,9;144,4;141,4;66,7;78,2;19,8;71,1;62,3;59,5;113,0;127,0;52,6;57,1;43,4;61,6;37,3;51,3;65,2;9,229;11,1;62,8;;;;49,8;34,6;70,0;;24,0;68,5;7,6;91,0;1,0;47,1;;47,1;99,4;;69,2;74,7;78,8;36,786;38,3;87,8;;;;79,9;108,8;71,8;;58,9;114,3;15,0;126,1;25,1;115,8;;79,7;86,8;;75,2;66,7
2002-01-01;145,3;45,7;49,7;153,9;111,7;106,4;74,7;130,8;143,2;141,5;62,0;82,9;182,1;22,1;216,7;26,1;165,2;59,3;128,9;189,7;131,5;146,5;142,0;66,7;77,1;20,4;70,8;62,1;59,8;113,6;129,6;52,2;54,9;43,1;61,7;36,5;50,7;66,0;8,954;11,1;63,3;;;;49,9;34,7;69,6;;24,3;68,5;7,8;91,7;1,0;47,3;;48,0;100,2;;70,3;75,4;79,3;36,779;38,7;90,6;;;;81,0;109,0;71,9;;58,6;113,6;14,3;125,0;25,0;114,7;;80,9;89,1;;76,2;66,6
2002-04-01;155,7;47,5;50,3;155,0;113,9;108,8;77,5;131,5;143,0;143,4;65,3;83,9;180,8;23,0;215,1;28,2;165,0;58,2;130,3;188,4;140,4;149,1;143,2;73,4;78,1;22,6;71,4;63,6;60,2;113,7;133,2;53,2;55,3;44,0;67,1;37,4;52,0;70,6;9,794;11,2;64,5;;;;50,3;35,0;69,6;;24,9;68,1;8,0;93,0;1,2;47,6;;49,6;101,0;;71,9;76,6;85,1;37,755;39,3;90,4;;;;81,2;108,5;73,7;;59,1;112,7;15,0;122,0;26,9;114,2;;80,7;86,7;;77,2;66,6
2002-07-01;153,2;47,9;55,7;155,8;117,0;110,6;77,3;131,5;142,6;143,8;65,1;83,7;178,4;23,2;217,5;28,9;165,0;57,5;130,6;188,3;138,4;154,5;144,2;73,0;78,6;24,3;72,5;64,8;61,8;114,6;132,6;52,8;55,2;44,3;66,8;38,2;54,5;70,2;9,96;10,8;65,1;;;;50,4;35,3;69,7;;25,1;67,8;8,2;94,4;1,3;47,5;;50,1;101,4;;73,9;77,9;83,0;37,914;45,2;90,8;;;;81,1;107,7;74,1;;58,6;110,7;15,0;123,1;27,4;114,3;;80,6;86,0;;80,6;66,3
2002-10-01;156,5;48,2;52,9;154,8;113,1;111,9;79,9;132,6;143,0;144,1;66,3;85,3;179,1;23,5;217,3;29,7;162,3;55,6;133,4;188,0;141,6;154,4;145,6;74,4;77,9;22,9;72,2;65,2;62,3;112,0;132,8;53,0;55,2;47,9;68,2;38,5;55,0;71,9;10,151;10,6;64,9;22,6;;;51,1;35,5;69,9;;25,7;67,4;8,3;95,7;1,2;47,7;;51,0;102,9;;75,0;79,5;84,6;38,033;42,6;89,8;90,4;;;81,6;108,0;74,2;;59,6;111,6;15,2;121,5;28,3;111,4;;82,3;83,7;;79,4;66,2
2003-01-01;154,3;46,6;52,1;151,9;112,1;114,9;80,5;132,5;144,1;144,5;67,9;85,5;176,6;23,3;217,8;31,3;159,6;59,1;134,6;190,6;140,2;152,0;146,1;74,8;74,9;24,2;73,5;67,5;63,8;113,9;137,5;53,7;53,9;47,4;68,8;38,1;55,5;71,5;9,878;10,2;64,1;22,9;;;51,1;35,7;69,6;;25,9;67,2;8,4;96,9;1,3;49,1;;51,9;104,1;;75,5;80,4;82,8;36,745;42,3;87,8;89,2;;;81,4;108,9;74,9;;59,6;109,3;14,9;121,0;29,8;107,1;;82,7;85,2;;76,4;65,7
2003-04-01;154,8;45,7;49,2;152,1;107,8;120,1;83,3;133,8;144,4;145,4;66,9;86,9;173,4;23,1;219,9;32,1;167,8;58,5;137,0;192,4;141,2;154,2;148,5;75,4;76,5;22,7;74,6;69,7;65,0;114,6;139,6;54,0;54,7;48,1;69,7;38,6;56,7;72,5;9,779;10,2;64,9;23,0;;;51,7;36,0;69,8;;26,4;66,6;8,5;98,5;1,7;51,5;;53,9;105,6;;76,8;83,1;82,3;35,871;39,3;87,1;84,7;;;82,1;108,9;75,5;;60,5;106,7;14,6;121,4;30,3;112,8;;83,1;85,3;;77,4;65,3
2003-07-01;156,3;44,8;48,7;151,6;104,8;122,1;83,5;134,1;143,9;145,2;65,5;86,7;171,1;23,5;222,4;34,2;167,2;59,1;138,7;195,0;142,3;154,7;149,2;75,9;74,0;21,6;74,1;70,0;65,3;114,1;137,8;53,8;52,2;47,9;70,1;38,5;56,2;73,8;9,723;10,1;66,0;23,1;;;52,1;36,6;70,1;;26,7;66,7;8,7;101,0;1,9;52,9;;54,7;106,3;;78,2;84,3;82,5;35,084;38,8;85,6;81,7;;;82,0;107,7;75,1;;60,0;104,3;14,7;121,4;32,1;110,5;;84,0;87,4;;76,5;64,9
2003-10-01;159,5;44,0;48,4;151,4;100,8;120,6;82,1;135,2;142,6;144,3;66,5;89,4;171,0;23,7;232,2;34,9;167,7;59,9;143,3;195,7;144,6;154,6;149,4;77,1;73,5;19,5;72,7;69,0;65,5;109,8;139,8;53,4;50,8;48,0;70,8;39,0;56,1;75,6;9,702;10,1;66,8;23,5;;;52,7;37,0;70,2;;27,4;66,5;8,9;102,6;2,2;54,6;;56,6;107,5;;79,8;85,3;83,9;34,305;38,5;84,6;77,3;;;82,5;105,9;74,2;;62,0;104,5;14,8;129,6;32,6;109,3;;86,8;86,7;;74,8;64,1
2004-01-01;155,2;42,9;46,4;154,8;101,2;123,6;82,3;135,1;142,7;141,4;69,1;89,0;168,0;23,6;231,4;37,4;161,0;57,8;145,8;198,6;141,0;154,4;149,7;79,7;74,8;20,6;74,7;70,7;67,9;113,3;144,8;54,5;51,1;50,4;72,8;39,1;63,9;74,0;9,98;10,2;67,2;24,4;;;52,7;37,3;69,3;;27,8;66,0;9,1;103,6;2,5;54,0;;57,9;107,8;;81,1;85,5;81,2;32,88;36,4;87,6;76,8;;;82,3;105,8;72,1;;61,2;102,0;14,5;127,9;34,8;105,0;;87,9;89,6;;73,3;64,2
2004-04-01;151,8;42,3;46,9;154,5;100,1;120,1;79,8;136,1;144,3;140,2;68,8;90,8;165,5;23,3;230,7;37,4;156,4;56,5;150,5;193,6;137,6;154,9;150,6;76,8;72,1;19,7;74,4;70,7;66,7;113,9;146,4;54,5;50,0;49,5;70,0;40,1;62,1;73,2;10,489;10,5;68,4;24,6;;;53,6;38,2;69,0;;28,5;65,4;9,2;104,5;3,0;53,1;;60,4;107,7;;82,6;86,7;78,6;31,779;36,4;86,1;75,5;;;82,5;106,5;71,2;;62,3;100,0;14,1;126,2;34,3;101,2;;90,1;84,0;;72,3;63,9
2004-07-01;151,4;41,4;45,9;153,7;98,4;118,0;79,4;136,4;144,9;139,2;69,3;91,2;163,8;23,1;230,9;37,2;151,2;57,8;152,3;193,9;137,0;157,4;151,5;76,2;70,6;18,8;74,8;71,2;67,9;114,3;145,1;54,6;48,9;49,5;69,5;40,7;62,7;73,5;10,863;10,9;69,1;24,9;;;54,1;38,6;69,2;;29,0;65,1;9,3;105,7;3,3;52,6;;61,4;107,8;;84,3;87,7;77,9;30,581;35,0;84,7;73,4;;;82,3;106,7;70,0;;62,2;98,7;13,8;125,2;33,8;96,4;;90,9;84,1;;73,0;63,8
2004-10-01;159,2;40,5;45,1;153,7;93,6;116,6;81,7;138,1;145,3;137,9;73,5;93,5;164,0;22,9;232,5;38,9;148,9;59,7;156,7;194,5;143,5;158,2;153,2;79,8;69,9;16,8;74,0;71,9;68,2;110,5;146,1;54,1;49,1;47,9;72,4;42,5;63,1;77,0;11,175;11,6;69,6;25,2;;;54,7;39,0;69,1;;29,9;64,7;9,6;106,2;3,7;51,8;;63,4;107,9;;85,4;89,2;82,1;29,325;33,3;84,1;68,5;;;83,4;106,6;68,8;;63,6;99,3;13,3;126,2;35,1;95,0;;93,3;84,7;;72,8;64,0
2005-01-01;154,3;39,8;45,5;151,1;94,0;115,3;79,8;138,7;145,3;136,7;75,7;94,5;163,8;23,0;232,6;35,6;146,1;60,3;160,0;194,1;138,9;158,7;153,3;77,2;70,0;16,4;75,1;72,7;69,3;113,8;147,6;53,5;48,6;48,8;70,0;41,5;62,9;74,7;11,444;12,1;69,9;25,1;;;55,0;39,4;68,3;;30,5;62,0;9,8;107,0;3,8;50,9;;64,7;108,8;;85,5;89,4;79,6;28,406;33,2;81,2;68,9;;;83,7;106,2;68,4;;64,1;101,9;13,2;125,6;31,7;93,1;;95,3;83,2;;73,2;64,0
2005-04-01;149,8;39,7;45,2;152,8;93,8;112,3;78,3;141,1;147,6;137,3;76,6;96,1;161,5;22,8;237,5;35,5;145,0;62,1;165,8;194,1;134,7;162,4;154,9;74,7;70,4;15,5;77,0;73,8;70,9;117,5;149,9;57,1;48,6;48,2;67,6;43,3;62,5;73,1;11,938;12,4;71,0;25,3;;;56,0;40,3;68,5;;31,5;61,6;9,9;107,6;4,3;50,3;;67,4;109,1;;86,5;90,5;76,7;27,724;32,8;81,8;68,5;;;85,1;107,6;68,8;;64,6;99,9;13,0;129,9;31,1;92,7;;98,4;82,8;;75,9;64,4
2005-07-01;150,1;39,2;45,5;151,9;91,7;111,5;78,3;141,5;147,9;137,0;81,1;96,6;162,1;22,5;238,6;39,2;143,2;63,4;168,0;192,7;134,5;164,2;156,2;72,9;68,4;13,8;76,2;73,9;71,4;115,3;147,1;54,6;46,9;47,3;65,8;43,4;61,1;73,7;12,257;12,8;72,0;25,8;;;56,6;40,9;68,4;;32,0;61,6;10,1;108,7;5,0;49,5;;68,4;109,2;;86,9;91,9;76,4;26,981;32,7;79,9;65,8;;;84,9;107,3;68,6;;64,6;100,6;12,4;129,9;34,1;91,6;;99,6;81,1;;77,3;64,4
2005-10-01;150,7;39,6;46,5;149,7;90,4;109,8;78,4;142,5;149,3;136,4;82,2;99,0;162,5;23,0;236,7;44,6;144,5;64,9;173,6;195,7;134,5;165,7;157,6;71,9;67,0;12,5;74,8;73,5;70,8;112,2;147,4;53,6;46,1;45,7;64,6;44,6;61,1;74,3;12,947;13,5;72,3;26,3;;;57,2;41,8;68,0;;32,9;62,1;10,5;109,2;5,7;48,8;;70,8;109,2;;87,4;92,7;76,3;26,702;32,9;77,4;64,1;;;85,2;107,7;68,4;;66,1;100,4;12,5;127,5;38,8;93,9;;102,9;84,5;;78,2;64,8
2006-01-01;155,1;39,4;46,7;149,9;89,6;113,0;80,3;144,9;150,0;136,7;89,2;100,1;161,6;23,1;235,5;43,8;142,7;67,6;179,5;189,9;137,9;166,6;159,2;72,3;65,8;11,6;74,0;72,2;69,9;112,6;145,7;51,6;44,1;45,1;64,7;43,5;60,4;76,4;12,87;13,5;72,3;26,3;11,5;;57,6;42,2;67,5;;33,6;61,9;10,9;109,2;5,9;47,3;;72,4;108,3;;87,7;94,0;78,6;26,54;33,1;77,6;63,3;100,7;;87,3;108,0;69,2;;66,6;99,7;12,3;126,3;37,8;93,6;;107,1;79,0;;78,9;65,2
2006-04-01;161,0;40,8;47,7;149,8;88,5;114,0;80,5;146,4;151,6;136,9;87,9;102,0;160,5;23,6;233,9;44,8;141,6;68,9;184,5;188,6;142,1;168,9;161,1;73,0;63,5;10,6;72,8;70,0;68,9;112,5;143,9;50,6;42,5;42,1;64,6;43,9;58,6;79,3;13,583;13,9;73,1;26,0;10,8;;58,3;43,1;66,9;;34,4;61,6;11,0;109,8;6,6;46,1;;75,2;107,3;;88,8;95,2;81,7;27,2;33,8;76,8;62,5;102,3;;88,1;108,7;70,0;;67,7;98,9;12,6;124,1;38,1;93,8;;109,3;78,9;;80,0;65,9
2006-07-01;160,6;41,1;48,5;152,0;87,9;112,7;80,9;145,6;152,2;136,4;91,1;102,7;161,0;23,6;234,9;44,7;138,7;72,6;188,3;189,2;141,5;172,2;162,5;72,4;64,0;10,1;72,9;70,7;69,7;113,0;145,0;49,4;42,4;41,3;64,0;44,5;59,2;79,5;13,825;14,2;74,4;26,3;10,8;;58,5;43,6;66,4;;34,8;61,5;11,2;110,0;7,4;45,3;;75,9;108,9;;90,6;96,3;81,0;27,25;34,3;77,6;61,6;101,0;;87,1;108,7;70,0;;67,9;99,5;12,4;125,0;37,2;91,8;;112,4;77,4;;81,6;66,2
2006-10-01;162,9;41,7;50,1;154,2;87,6;110,8;82,7;146,3;153,3;134,6;91,3;105,1;161,1;24,4;232,5;48,2;135,1;74,1;194,8;193,2;143,4;172,2;164,1;71,7;64,8;9,7;70,7;68,2;68,1;109,7;144,7;47,0;41,0;39,6;63,4;44,5;59,0;80,5;14,248;14,9;75,9;26,4;10,8;;58,8;44,2;65,2;;35,6;61,1;11,4;110,6;8,2;44,7;;78,0;107,2;;91,6;96,9;82,4;27,497;35,1;78,3;61,3;99,1;;87,4;109,2;69,4;;69,5;100,0;13,1;121,9;40,0;88,8;;116,7;84,1;;80,6;67,2
2007-01-01;163,1;41,7;48,2;159,5;88,0;112,4;84,0;146,7;154,0;132,1;96,9;105,8;160,2;24,7;234,0;49,3;135,1;74,8;197,8;200,1;143,6;170,7;165,2;71,2;64,3;9,4;70,4;69,1;66,6;109,7;143,6;46,6;40,3;38,5;62,9;43,3;59,6;80,3;14,648;14,9;76,8;26,7;18,4;;58,9;44,6;63,9;;36,3;60,9;11,4;111,1;8,5;43,7;;79,0;106,6;;92,3;97,1;82,7;27,083;33,2;82,7;61,3;93,7;;87,8;109,5;68,2;;69,5;99,3;13,3;122,9;40,8;89,9;;118,9;92,8;;78,4;68,1
2007-04-01;164,5;42,4;46,9;159,7;87,8;113,0;85,8;148,7;156,3;131,2;92,5;108,4;157,1;24,8;233,0;56,7;137,0;76,1;205,5;201,7;144,7;171,4;167,7;69,1;60,8;8,9;69,3;68,5;65,9;108,0;142,4;46,3;39,3;36,3;61,2;43,1;57,7;81,1;15,308;15,2;78,6;27,3;18,9;;59,4;45,4;63,1;42,6;37,1;60,8;11,5;111,2;9,3;43,1;;80,9;105,5;;93,5;98,1;83,4;27,059;31,7;81,1;60,5;93,8;;89,3;111,0;68,1;57,7;71,3;96,3;13,3;121,8;47,4;92,5;;124,6;96,0;;77,9;69,6
2007-07-01;169,2;43,1;47,2;161,3;90,5;112,2;87,1;148,8;157,0;129,5;94,8;109,3;157,7;25,7;233,5;59,7;133,6;77,9;207,3;200,8;148,0;174,6;169,5;71,2;60,3;8,3;68,6;68,3;64,7;107,4;142,5;45,2;37,8;35,7;62,6;44,1;58,8;82,7;15,996;16,1;80,0;28,2;19,4;;59,5;45,9;62,2;43,2;37,5;60,2;11,8;111,5;10,0;43,5;;81,2;104,3;;94,6;98,6;86,5;27,11;31,1;81,3;62,2;92,5;;89,3;111,2;67,3;59,3;71,8;97,5;13,9;122,0;49,7;88,6;;126,1;96,5;;80,0;71,0
2007-10-01;171,3;43,4;47,8;161,9;92,2;109,3;86,7;152,2;156,9;129,3;95,8;113,0;158,8;27,0;231,9;59,8;139,2;78,1;209,3;201,4;149,0;176,0;170,9;71,7;60,6;7,9;67,1;66,8;64,4;105,2;143,5;44,0;36,7;34,7;62,6;45,8;60,6;82,7;16,484;17,0;80,7;29,0;18,9;;59,8;46,6;61,4;42,4;38,1;60,0;12,9;110,8;10,4;43,7;;81,8;103,7;;94,7;98,7;88,6;26,963;30,7;81,1;63,2;90,2;;92,4;110,4;67,9;60,5;74,9;98,8;14,0;121,1;49,3;94,1;;127,5;98,0;;81,2;72,1
2008-01-01;176,0;42,8;49,3;165,0;90,9;109,7;87,3;153,0;157,5;128,1;102,2;116,5;158,2;27,0;234,4;61,3;146,6;80,6;208,3;199,4;152,0;179,0;171,6;75,3;61,0;7,3;68,2;68,8;65,2;107,6;144,7;45,0;35,8;34,0;64,8;45,2;62,9;83,8;16,156;17,3;80,8;29,5;18,8;26,1;59,6;46,8;60,4;42,4;38,1;59,8;13,1;110,4;10,5;43,4;44,4;81,8;103,1;68,2;94,9;98,7;92,2;26,692;32,0;84,2;61,4;90,7;61,7;93,4;110,8;67,7;65,4;78,3;98,4;13,8;124,0;50,8;102,0;36,1;126,5;96,5;83,9;84,1;72,9
2008-04-01;172,2;43,0;51,2;163,9;97,1;109,0;86,1;154,6;160,5;127,9;99,8;116,8;158,9;26,8;236,3;61,4;149,3;79,9;211,4;204,1;148,3;178,5;171,3;71,4;60,7;7,2;67,2;67,6;64,8;104,8;144,2;45,3;35,9;32,6;61,5;45,4;61,0;81,7;16,215;17,8;81,8;30,5;18,6;25,5;60,1;47,3;60,1;42,0;38,5;59,8;13,0;110,5;11,0;44,4;43,4;82,8;102,8;66,1;95,3;97,6;90,5;26,812;33,4;82,2;66,6;90,1;61,0;94,5;113,2;67,8;63,7;78,3;99,2;13,7;125,8;50,4;103,6;36,5;128,6;102,1;82,3;83,2;73,8
2008-07-01;162,9;43,2;53,3;164,2;104,2;108,4;81,0;155,9;163,0;128,2;101,9;116,8;159,6;27,5;235,1;62,1;152,9;79,3;212,4;204,2;139,7;179,2;172,0;69,5;60,2;7,7;68,2;69,3;65,6;105,1;144,4;45,9;37,0;32,9;58,8;48,6;64,3;77,4;16,28;18,4;82,4;31,7;18,4;23,4;60,2;48,0;59,8;41,3;38,6;59,9;13,0;110,7;11,5;45,4;42,6;82,3;101,7;62,0;95,4;97,8;85,6;26,908;34,8;81,8;72,4;89,8;57,9;95,7;115,0;68,3;65,6;78,2;99,7;14,5;124,5;50,6;106,3;36,7;130,2;103,7;77,7;83,8;74,2
2008-10-01;163,0;43,6;55,5;167,4;111,6;108,0;79,1;156,7;164,2;129,9;102,5;116,5;163,8;28,6;234,7;65,5;156,3;78,6;214,2;198,6;139,0;185,3;170,8;76,4;65,0;8,5;72,5;73,7;69,0;107,8;148,3;57,3;41,8;33,7;63,4;55,4;71,4;76,3;16,423;19,1;83,5;32,7;17,9;22,2;60,8;48,6;59,8;41,4;39,0;60,3;12,7;111,5;11,3;47,0;41,8;82,6;101,4;60,9;95,3;96,1;86,7;27,168000000000003;36,5;84,0;78,9;89,8;57,1;96,0;115,6;70,1;66,1;77,5;103,5;16,0;123,2;54,3;107,9;36,8;131,6;97,7;78,2;90,0;74,6
2009-01-01;162,4;43,8;54,6;171,0;112,5;120,4;84,3;159,3;166,5;131,4;106,3;119,9;165,6;29,3;238,6;70,5;153,9;78,5;216,7;203,1;140,2;185,0;170,3;78,0;69,5;8,6;76,5;78,7;70,9;114,3;152,9;59,8;45,1;32,9;65,0;57,6;74,4;76,4;16,584;18,9;85,4;33,0;18,9;22,6;61,6;49,6;60,3;40,4;39,8;61,4;13,0;113,1;11,0;48,2;41,5;82,5;102,6;61,1;95,8;95,9;86,0;27,182;35,7;85,6;79,5;101,0;61,8;97,7;117,0;71,1;69,4;80,2;104,3;16,3;125,5;59,5;104,1;37,0;134,2;101,3;79,1;89,2;74,4
2009-04-01;174,3;44,7;55,3;176,7;109,8;129,6;95,0;161,7;168,8;133,0;103,1;123,9;167,3;28,9;242,9;67,6;155,5;76,2;219,3;210,0;151,8;181,6;171,0;85,1;72,3;8,1;79,8;83,5;73,9;116,9;159,4;59,1;49,2;32,4;71,7;60,7;75,6;82,3;17,125999999999998;19,4;89,1;33,4;20,6;25,9;62,8;50,4;61,3;39,3;41,2;62,3;13,1;115,2;10,8;49,7;40,9;84,0;104,8;66,3;96,6;96,5;92,0;27,586;36,0;87,6;76,4;108,6;69,2;98,8;118,5;71,7;67,3;82,7;105,1;15,8;127,7;56,7;104,1;35,3;135,3;106,4;85,6;85,1;74,5
2009-07-01;181,3;44,6;56,7;181,8;111,4;134,0;102,6;162,9;170,5;133,3;104,6;124,4;169,1;29,1;246,4;70,0;156,4;75,4;221,3;210,2;159,1;185,3;171,1;91,9;76,2;9,0;82,7;87,3;75,4;121,9;163,4;59,7;52,0;33,2;77,7;65,9;79,6;85,6;17,154;20,2;92,9;33,7;22,4;28,4;63,7;51,2;62,0;39,0;41,8;63,1;13,3;117,4;10,9;50,8;40,9;84,3;106,4;69,5;97,3;97,1;95,6;27,489;36,5;88,9;77,7;111,2;74,2;99,3;119,3;71,3;68,6;82,6;106,1;15,8;129,0;59,1;103,8;34,5;137,0;104,6;89,6;88,0;74,0
2009-10-01;176,9;45,2;58,0;183,2;110,3;135,6;102,3;164,2;172,1;134,0;102,8;125,1;170,3;28,9;251,0;70,4;156,6;75,8;222,8;214,6;155,5;185,2;169,5;90,8;78,3;8,8;83,6;88,4;76,0;120,6;167,3;59,7;55,7;32,4;76,8;68,8;81,2;84,2;17,512999999999998;21,0;94,9;34,0;23,5;28,7;64,4;52,5;62,1;37,5;42,4;63,5;12,9;119,4;10,7;51,1;40,9;85,0;107,1;68,2;98,1;97,0;92,7;27,706;37,0;88,3;76,3;111,8;73,6;99,8;119,5;71,9;67,7;82,7;106,8;16,0;131,6;59,6;103,6;34,9;137,8;108,8;87,2;87,2;72,6
2010-01-01;169,2;44,9;56,1;182,0;110,1;138,6;100,8;164,2;172,1;132,8;106,2;125,4;168,4;28,6;256,7;65,7;150,5;75,0;223,8;214,9;149,0;186,3;167,6;89,7;78,1;9,3;85,9;91,7;76,7;123,2;168,8;60,7;57,5;32,9;75,3;74,8;84,0;80,8;17,204;20,5;94,2;33,6;25,6;28,7;64,3;52,6;61,3;36,7;42,9;63,0;13,0;120,1;10,1;50,1;40,7;84,7;107,5;65,3;98,2;95,7;88,5;27,692;35,7;87,7;76,5;112,8;72,1;100,0;119,4;71,4;70,7;82,5;105,4;15,7;136,6;55,5;98,5;34,3;139,1;108,5;83,6;88,1;71,9
2010-04-01;163,4;45,7;55,6;182,2;110,6;140,6;98,1;164,6;171,7;132,6;104,2;125,8;166,6;28,8;261,4;65,1;144,1;74,4;226,8;218,0;143,5;182,3;165,0;91,0;79,1;9,8;87,1;94,9;78,8;122,5;173,1;63,9;57,9;33,6;75,3;78,3;87,8;78,3;17,424;20,5;94,7;33,3;26,7;27,8;64,3;52,9;60,9;35,4;43,3;62,6;12,8;120,3;10,1;50,5;40,2;85,8;107,7;62,9;97,0;94,3;85,1;28,232;35,1;87,4;77,2;113,7;70,3;100,3;118,8;71,7;69,5;82,5;104,1;16,0;141,1;55,0;91,5;34,1;141,0;111,7;80,6;85,3;70,7
2010-07-01;172,1;47,1;57,5;180,9;105,1;140,5;101,3;163,4;171,4;131,7;103,5;125,8;164,3;28,5;262,4;64,7;146,2;74,6;225,1;218,1;149,9;181,8;162,9;97,9;80,6;10,6;87,5;94,0;78,6;123,8;173,0;63,6;59,7;31,2;80,0;82,7;90,7;81,9;17,969;21,4;94,8;32,8;27,2;29,2;64,0;53,0;60,3;36,1;43,4;61,7;12,7;120,3;10,2;51,4;40,5;84,5;107,9;65,4;96,3;92,8;90,2;29,133000000000003;36,1;86,1;72,2;113,2;72,0;99,5;118,3;71,4;68,8;82,4;102,6;15,8;142,0;54,4;92,8;34,1;140,7;111,7;84,5;85,4;70,1
2010-10-01;171,1;48,9;59,0;180,0;102,8;140,0;101,8;164,1;172,6;129,6;107,8;125,8;162,7;28,5;264,0;63,1;147,8;72,9;224,0;214,6;148,9;177,0;160,7;98,3;80,3;11,0;87,8;91,7;85,5;119,4;174,6;63,2;59,9;31,0;79,7;81,6;90,6;81,6;18,703;22,1;94,9;32,6;27,3;29,5;64,0;53,8;59,5;36,8;43,5;61,2;12,7;119,9;10,3;52,2;40,0;84,4;107,7;64,9;94,9;91,7;89,4;30,17;36,8;85,1;70,2;112,6;72,2;100,2;118,7;70,1;71,9;82,3;101,5;15,9;144,1;52,8;93,4;32,9;139,6;108,0;83,9;82,1;69,0
2011-01-01;172,9;49,0;58,9;180,3;102,7;140,3;102,4;162,5;172,9;125,5;107,4;125,7;161,7;28,9;265,2;60,1;155,1;72,1;221,7;221,0;149,8;175,7;159,0;99,2;79,2;11,1;87,7;91,6;83,0;119,4;174,6;61,8;64,2;30,7;79,8;80,8;90,7;82,2;18,92;22,0;94,2;32,3;27,7;29,7;63,4;53,9;58,5;36,4;43,5;61,1;12,9;119,3;10,1;52,6;39,9;83,4;108,1;65,0;93,8;90,6;90,7;30,049;36,8;86,1;70,4;112,6;72,7;99,1;118,8;67,0;71,7;82,2;100,6;16,0;146,0;50,0;100,5;32,2;138,3;114,8;84,8;81,9;68,4
2011-04-01;171,3;49,5;59,3;180,3;102,7;140,1;102,2;162,9;175,4;124,3;105,3;125,9;161,7;28,9;269,5;59,9;159,7;71,4;221,7;219,3;148,2;175,1;157,6;100,1;81,6;11,3;88,4;93,3;82,9;120,4;179,9;63,6;65,6;29,8;80,0;85,0;91,6;81,2;19,354;22,2;94,7;32,5;28,0;29,8;63,4;54,4;57,9;35,4;43,6;61,4;13,0;119,3;10,4;54,6;39,3;83,5;108,7;64,1;93,4;89,4;90,0;30,147;37,1;85,6;70,2;112,1;72,4;99,4;120,9;66,4;70,4;82,2;100,2;15,8;150,3;49,5;103,0;32,1;138,2;112,0;84,1;81,7;68,2
2011-07-01;163,8;50,0;60,0;181,6;106,6;138,7;96,5;162,4;177,5;124,8;104,4;125,4;162,6;30,4;271,0;62,7;159,6;70,3;220,4;221,4;141,0;174,1;156,8;100,4;83,5;12,8;89,2;95,4;84,8;113,9;183,4;66,4;66,6;31,1;78,7;90,3;97,3;77,6;19,754;22,4;94,7;33,0;27,9;27,6;63,2;54,5;57,6;34,9;43,6;61,6;13,1;119,3;11,0;55,8;38,6;82,6;109,7;60,6;92,9;88,6;86,2;30,204;37,6;86,9;73,6;110,7;68,8;99,2;123,0;67,1;69,9;81,8;101,0;17,3;151,7;51,7;101,5;31,7;137,8;113,1;80,3;81,2;68,2
2011-10-01;161,6;50,3;62,3;179,4;109,2;139,8;97,7;165,0;178,8;124,6;107,3;124,7;163,0;30,6;275,5;63,7;161,3;70,2;219,6;221,5;139,7;172,5;156,0;100,2;83,7;13,4;88,6;94,4;84,5;111,8;187,7;67,8;69,8;31,2;78,2;95,3;99,3;76,3;20,089;23,2;94,0;33,8;27,8;27,8;63,1;54,8;57,2;35,2;43,5;61,8;13,0;119,2;11,5;57,6;38,5;82,5;110,3;59,7;92,3;87,8;85,3;30,207;39,0;85,4;75,4;111,9;69,8;101,9;123,9;67,4;72,1;81,2;101,2;17,6;156,3;52,1;101,2;31,8;137,1;112,6;80,0;80,1;68,3
2012-01-01;163,1;49,3;62,5;179,9;108,7;143,0;101,3;165,7;180,7;124,0;107,1;125,2;161,9;29,8;277,4;62,7;162,4;71,2;220,1;222,1;141,7;174,6;154,4;101,2;82,6;13,3;92,1;98,0;85,1;121,9;189,1;67,8;74,0;32,4;79,0;94,3;99,2;76,5;20,016;23,2;93,4;34,3;28,0;28,6;62,8;54,9;56,8;35,0;43,4;61,4;13,2;119,0;11,6;58,2;38,8;81,9;110,7;59,9;91,7;86,4;86,7;29,329;39,3;86,6;74,5;114,9;72,5;102,9;125,8;67,2;72,2;81,9;100,5;16,6;158,5;51,1;101,7;32,4;138,2;112,7;81,8;82,9;68,0
2012-04-01;161,2;49,4;64,3;181,7;111,8;145,6;101,1;166,9;182,6;124,4;104,0;125,9;158,8;30,1;280,8;66,1;163,5;71,0;220,4;224,0;140,2;175,4;153,4;102,9;85,3;13,9;93,7;99,8;86,6;121,2;191,8;70,2;74,0;31,5;79,7;95,9;101,2;75,6;20,415;23,8;94,1;34,6;28,5;28,3;62,9;54,9;56,7;33,5;43,5;61,1;13,1;119,0;12,6;59,2;38,9;82,2;111,3;59,1;91,7;85,3;85,6;29,029;40,5;87,6;77,2;117,0;72,7;104,0;127,7;67,7;70,6;82,3;97,7;17,0;161,7;53,5;101,7;32,1;138,1;114,2;81,1;83,7;68,1
2012-07-01;166,4;49,6;64,8;183,7;111,7;149,0;106,5;166,9;182,5;124,2;105,6;125,9;159,9;30,3;281,6;68,1;170,5;72,0;219,2;228,4;145,3;175,5;153,0;107,1;85,7;13,5;95,9;100,8;86,5;126,1;193,5;71,4;77,6;30,6;82,7;96,5;101,7;77,5;20,818;23,9;94,9;34,7;29,4;29,9;62,7;54,8;56,6;34,1;43,6;61,1;13,2;119,4;13,3;61,2;39,1;81,5;111,7;60,8;91,4;84,5;88,9;28,801;40,9;88,9;77,0;119,5;76,5;104,2;127,7;67,5;71,5;82,4;98,7;17,0;162,2;54,8;106,7;32,9;137,7;118,6;84,5;84,1;68,5
2012-10-01;165,1;50,7;66,7;184,8;115,8;151,9;109,1;165,2;182,9;123,8;107,4;126,9;161,0;30,6;280,5;69,5;175,8;72,7;211,5;229,2;145,2;173,1;152,7;106,5;86,2;13,9;98,9;101,9;86,5;130,0;194,9;73,5;90,5;31,9;82,2;97,3;102,2;77,1;21,624;24,5;95,3;35,3;29,8;30,7;62,7;55,1;56,5;34,7;43,7;61,4;13,3;119,2;13,8;63,2;39,8;81,5;113,1;60,6;90,9;83,6;88,0;29,026;42,1;89,5;80,5;122,0;78,4;102,5;127,8;67,2;72,7;83,2;99,6;17,3;161,3;55,7;109,9;32,9;130,0;117,7;84,6;82,3;69,1
2013-01-01;161,0;51,3;66,6;187,1;115,6;157,8;111,7;165,3;182,8;123,6;104,3;126,2;161,1;30,4;280,6;71,7;181,8;73,3;208,1;229,3;143,3;171,0;151,5;104,6;87,1;13,5;100,4;103,0;85,8;132,1;199,3;73,0;98,9;31,2;80,9;98,4;102,8;75,3;21,771;24,5;94,8;35,7;30,8;31,0;62,4;55,2;56,2;34,3;43,6;61,7;13,5;118,4;14,3;64,4;39,8;80,5;113,8;59,3;90,9;82,7;85,7;29,549;42,1;92,2;79,9;126,9;80,8;102,9;127,7;67,4;70,0;82,6;99,4;16,9;162,1;57,5;114,8;33,5;127,6;117,1;84,0;80,1;68,9
2013-04-01;161,1;53,0;69,2;189,3;118,7;161,0;112,2;164,8;181,5;124,3;102,2;125,9;159,8;31,5;281,2;75,6;185,0;73,7;206,4;229,0;143,3;172,2;151,6;102,7;85,9;14,2;101,0;102,8;84,1;136,4;198,8;73,8;101,6;31,3;79,0;95,1;98,5;75,0;22,424;25,0;95,4;36,1;32,1;31,0;62,2;55,3;56,0;34,2;43,6;61,8;13,6;117,6;15,1;65,1;39,5;80,3;114,0;59,0;90,4;82,1;86,1;30,553;44,2;93,9;82,6;128,8;81,3;102,6;126,2;68,3;68,1;82,4;98,0;17,8;163,6;60,5;117,1;34,1;126,1;116,3;84,3;81,8;69,5
2013-07-01;164,5;53,8;69,0;190,1;120,5;164,0;114,4;164,3;182,0;124,4;99,8;125,6;159,5;32,6;281,5;79,2;187,9;73,4;204,2;228,2;146,1;169,7;151,6;104,6;84,9;14,7;100,2;101,9;82,5;135,1;199,6;72,4;104,2;31,4;80,1;94,3;98,1;76,5;22,669;25,4;95,7;36,6;33,0;31,6;62,0;55,5;55,9;33,9;43,4;61,4;14,0;117,7;15,9;65,5;39,2;78,9;114,6;60,0;90,1;81,7;88,1;31,085;43,6;94,4;83,9;130,9;82,8;102,2;126,4;68,5;65,9;82,2;98,1;18,7;163,7;63,3;119,7;34,3;125,4;114,8;86,2;79,6;69,9
2013-10-01;164,3;54,6;70,7;190,3;124,5;164,8;116,2;162,8;181,1;124,3;98,0;125,0;159,5;33,7;280,3;81,6;191,6;73,5;202,0;230,2;146,5;167,5;151,7;104,1;83,9;14,9;100,5;101,9;81,8;138,2;200,3;72,4;104,9;30,8;79,8;93,4;98,1;76,6;22,942;25,7;95,4;37,3;33,3;32,1;61,6;55,5;55,6;34,0;43,3;61,3;14,0;116,3;16,3;66,0;38,9;77,7;116,6;60,1;89,7;81,8;87,8;31,666;45,0;94,9;87,2;131,5;84,2;101,2;125,6;68,8;64,0;81,7;98,2;19,7;164,0;65,2;123,1;34,6;124,3;114,4;86,4;77,8;69,9
2014-01-01;164,9;55,4;69,8;192,0;127,3;169,2;118,0;163,8;182,5;123,5;98,2;124,7;158,4;33,7;279,6;84,0;193,3;74,2;198,4;230,0;147,6;164,7;151,6;106,0;82,4;14,9;103,2;105,0;81,4;144,6;199,9;72,5;110,6;31,5;81,2;94,6;99,6;76,3;22,924;25,7;94,7;37,8;34,1;32,4;61,1;55,3;54,9;33,6;42,9;61,2;14,2;115,6;16,1;66,0;39,1;76,5;117,4;60,1;89,0;81,1;88,6;32,484;44,1;97,3;89,5;135,1;85,7;102,8;127,2;68,6;64,5;81,7;97,2;19,5;164,0;67,8;124,7;35,1;121,9;113,2;87,5;75,7;70,5
2014-04-01;164,4;57,5;70,1;192,4;128,3;172,6;122,0;164,3;184,6;123,7;97,0;124,7;156,7;34,0;280,9;84,8;197,9;74,0;197,2;231,5;148,7;162,5;151,3;106,8;84,1;16,0;105,2;107,0;81,5;150,0;202,3;75,1;113,5;31,7;82,2;95,7;98,9;76,0;23,522;26,1;94,9;38,4;34,9;33,4;60,7;55,5;54,6;32,7;42,9;60,8;14,1;115,1;15,6;66,5;38,9;76,3;117,8;60,2;88,6;80,5;88,4;34,006;44,0;97,5;90,0;137,6;88,7;103,6;129,1;69,1;64,3;81,8;95,9;19,9;165,8;69,1;129,0;35,2;120,9;114,4;88,5;73,9;70,8
2014-07-01;156,6;58,5;71,7;194,1;133,1;173,1;121,0;164,0;185,8;122,6;98,3;124,3;157,0;34,3;281,2;88,0;203,0;74,3;194,7;229,7;143,4;161,3;150,5;102,1;83,4;16,3;105,7;108,7;81,4;149,2;203,4;75,4;115,8;32,1;78,9;97,6;98,7;72,4;23,575;26,2;95,2;38,6;35,4;32,9;60,3;55,5;54,5;32,9;42,6;60,7;14,2;114,6;15,7;66,8;38,5;74,7;118,2;57,7;88,3;79,5;84,2;34,928000000000004;45,5;98,9;94,5;137,8;88,2;103,6;130,3;68,1;65,4;81,8;96,4;20,1;166,6;72,4;133,8;35,8;120,0;111,9;85,7;73,0;71,0
2014-10-01;154,1;60,5;74,4;194,1;136,3;175,1;120,1;164,0;186,8;118,2;100,4;123,0;157,8;35,2;287,1;98,2;201,6;73,2;189,8;229,9;141,5;160,0;150,7;102,0;84,4;18,1;106,4;109,5;81,6;150,6;208,7;76,9;117,5;32,2;78,7;104,2;100,4;71,3;24,145;26,9;95,1;39,4;35,7;32,6;60,2;55,6;54,1;33,4;42,5;60,8;14,1;114,4;17,3;66,9;38,4;73,4;119,5;56,9;88,3;79,0;82,9;36,363;47,5;99,0;96,9;139,4;87,6;103,9;131,2;64,1;67,0;80,5;97,1;21,1;172,7;80,9;132,3;34,9;116,4;110,4;84,6;71,7;71,7
2015-01-01;151,7;62,0;77,3;200,4;136,4;179,4;123,1;169,9;189,5;118,9;98,7;123,1;156,6;35,5;292,1;98,7;198,1;74,2;189,2;229,4;141,0;160,4;150,1;101,1;87,0;17,2;109,5;115,0;82,5;158,1;207,2;79,3;119,6;33,4;78,1;105,0;100,6;69,4;24,628;27,1;95,5;39,4;36,4;32,8;59,8;55,5;53,8;33,0;42,3;60,5;14,4;114,3;16,5;66,2;38,1;71,9;119,7;55,7;87,9;77,9;82,4;37,386;50,2;104,8;97,0;142,9;90,3;110,0;134,0;65,1;65,7;80,7;96,0;21,1;177,8;82,1;129,5;36,2;117,2;109,7;85,3;72,5;72,2
2015-04-01;158,2;64,3;76,9;202,7;136,7;182,2;127,6;168,5;189,8;118,8;96,1;122,3;154,1;36,2;289,9;96,5;201,2;73,9;184,9;228,5;146,7;157,0;150,8;102,3;86,7;18,6;104,8;110,4;78,6;151,7;206,1;74,5;114,5;32,1;79,3;103,0;97,6;72,4;25,507;27,3;97,4;39,8;37,3;34,1;59,5;55,6;53,7;32,2;42,2;60,2;14,4;113,5;16,1;65,5;37,8;71,3;120,7;58,0;87,8;77,8;85,8;38,816;49,5;105,3;96,9;144,9;93,6;109,0;134,2;65,0;63,8;80,0;94,0;21,8;176,4;80,4;133,4;36,1;113,6;107,9;88,7;69,2;73,0
2015-07-01;160,7;66,4;81,6;206,5;145,6;185,6;128,2;167,8;190,3;118,7;96,9;121,3;153,5;37,8;287,2;101,9;200,3;74,2;181,2;229,9;148,5;157,5;151,1;105,0;87,3;19,4;105,1;111,0;78,5;153,2;204,7;73,5;115,4;32,0;80,9;104,5;98,2;73,2;26,31;27,6;99,3;40,3;38,2;33,9;59,2;55,9;53,8;33,0;42,1;59,7;14,6;112,7;16,1;65,0;37,6;69,3;121,5;58,5;88,2;77,8;87,4;40,091;54,0;107,3;105,3;147,4;94,3;108,6;134,4;64,9;64,0;79,3;93,7;23,2;174,5;85,7;133,0;36,6;111,9;108,5;90,0;69,3;73,4
2015-10-01;161,3;68,0;81,8;209,3;145,5;190,4;132,2;166,3;192,5;117,8;97,0;119,0;153,8;38,3;284,7;103,9;204,6;75,8;177,8;234,0;150,4;157,8;150,9;105,9;89,8;19,9;104,0;109,6;77,6;152,3;205,6;72,7;115,0;32,1;81,8;103,2;99,2;73,5;26,869;28,0;100,7;41,3;38,8;34,9;58,9;56,1;53,7;33,3;41,9;59,5;14,7;112,4;16,0;64,7;37,7;68,0;122,3;59,1;88,1;77,3;87,8;41,103;53,9;108,6;104,3;151,5;97,4;107,4;136,4;64,1;63,7;77,1;94,3;23,7;172,3;88,0;137,7;38,1;109,8;111,7;91,4;69,6;73,7
2016-01-01;166,4;66,9;78,8;208,5;143,5;194,7;139,4;166,6;194,8;118,3;92,8;117,5;152,6;39,3;283,3;102,6;203,6;76,6;174,1;239,8;156,4;158,4;151,5;112,1;89,6;20,8;106,4;114,0;78,5;156,3;210,9;73,5;117,2;32,4;87,2;105,7;102,1;75,2;26,689;27,9;101,2;41,5;39,9;37,0;58,5;55,9;53,4;32,4;41,6;59,3;15,3;112,1;15,7;64,1;37,6;66,8;122,7;61,0;88,2;76,8;91,3;40,234;50,9;107,4;102,0;154,8;102,5;108,1;138,9;64,9;60,3;76,0;93,2;24,0;171,2;87,0;137,4;39,0;107,4;117,0;95,4;70,2;74,7
2016-04-01;166,2;66,1;75,6;212,1;142,6;193,6;139,2;167,2;197,2;118,2;91,9;117,7;153,0;40,4;282,5;100,3;205,5;74,7;174,0;239,3;156,2;161,8;152,2;114,4;92,1;22,2;107,2;116,5;78,9;156,3;216,1;74,0;118,2;32,6;89,6;113,2;102,8;74,9;26,622;27,7;102,9;41,9;41,6;38,0;58,5;56,2;53,4;33,0;41,4;59,4;15,4;111,9;15,6;64,4;36,3;66,8;123,2;61,3;88,5;77,1;91,3;39,482;47,9;109,2;100,7;152,0;101,3;108,7;140,9;64,7;58,9;76,3;93,5;25,0;170,6;84,7;139,1;38,4;107,1;116,1;95,0;73,3;75,1
2016-07-01;166,7;65,4;74,8;214,4;142,5;192,5;139,6;167,0;198,2;118,3;86,0;116,9;154,3;41,1;288,8;100,4;205,7;74,5;171,1;241,3;156,7;164,0;153,1;113,9;93,2;23,6;106,0;116,2;77,1;153,3;214,1;71,9;118,8;32,2;89,8;116,2;102,7;75,0;26,547;27,7;104,0;42,0;43,1;39,1;58,5;56,7;53,5;31,3;41,3;59,6;15,6;111,9;15,7;64,6;35,8;65,3;123,6;61,8;88,5;77,5;91,7;38,806;47,1;110,4;100,5;149,4;100,6;108,5;141,5;64,8;54,7;75,6;94,7;25,5;176,9;84,7;138,9;38,8;105,9;117,6;95,0;75,5;75,6
2016-10-01;159,8;64,1;74,4;213,8;142,8;192,2;135,5;166,2;199,4;117,7;87,9;114,9;155,5;41,5;284,5;99,6;203,1;74,0;169,1;241,2;150,8;163,3;152,7;105,6;89,7;23,7;103,1;112,4;75,0;149,5;211,5;70,9;115,4;31,0;84,4;113,5;100,1;72,3;26,249;27,8;104,2;42,4;44,2;38,5;58,3;57,1;53,4;33,0;41,1;59,8;15,5;110,8;15,6;64,1;35,5;64,5;123,9;59,8;88,1;77,4;87,5;37,873000000000005;46,6;109,6;100,4;148,0;97,1;107,9;142,3;64,3;54,9;73,8;95,7;26,0;173,7;84,0;136,9;38,5;104,7;117,3;91,1;75,2;75,3
2017-01-01;162,9;63,4;72,8;214,5;142,6;192,8;138,2;166,7;200,5;118,7;86,8;114,7;156,3;39,9;284,6;96,8;199,8;74,6;168,2;243,3;153,6;163,8;152,9;106,8;87,7;23,9;102,1;112,8;73,5;148,2;211,4;67,6;115,0;31,7;85,5;112,6;99,1;73,3;26,311;27,5;103,8;43,0;45,4;39,7;58,1;57,5;53,2;31,3;41,1;60,1;15,5;110,4;15,4;63,0;35,2;63,5;124,6;60,7;88,1;76,9;89,6;37,079;45,3;110,8;99,6;147,4;98,6;108,6;143,0;65,5;55,5;73,6;96,2;24,4;174,2;81,4;134,7;39,3;104,7;118,6;92,9;75,6;76,0
2017-04-01;167,6;63,5;72,6;214,3;142,4;190,3;139,3;165,3;200,7;118,3;92,1;113,7;155,6;39,3;281,0;97,9;203,1;73,3;166,4;247,8;156,9;162,3;153,6;108,9;89,7;26,1;101,7;113,1;72,2;149,5;211,9;66,7;115,2;31,0;87,0;109,9;98,2;75,3;26,756;27,6;104,0;43,3;46,6;40,7;58,0;57,9;53,2;32,5;40,9;60,2;15,4;109,6;15,7;62,7;35,0;63,4;125,5;62,2;87,5;77,0;92,3;36,725;45,1;110,3;99,1;143,6;98,7;107,2;142,8;65,1;59,6;72,8;95,4;23,9;171,4;82,3;138,4;38,3;103,1;122,3;94,7;74,8;76,6
2017-07-01;169,2;62,7;71,3;213,7;139,9;188,4;140,2;163,9;200,4;118,1;94,2;112,0;155,7;40,0;279,6;98,7;200,1;73,6;163,2;249,2;158,2;163,0;153,6;109,4;86,1;25,3;100,5;112,3;71,1;148,6;211,1;64,4;113,8;31,0;87,5;108,2;98,7;76,0;26,767;27,6;104,1;43,4;47,7;41,6;57,8;58,0;53,2;32,3;40,7;60,1;15,6;108,8;15,9;62,5;34,7;61,9;126,3;62,9;87,5;77,0;93,2;35,915;43,7;109,6;96,5;140,7;98,7;106,1;142,4;64,9;61,9;71,3;95,6;24,4;170,7;82,8;135,7;38,9;101,3;122,9;95,3;75,4;76,7
2017-10-01;168,8;62,3;72,5;213,6;137,6;185,8;141,6;162,9;200,7;117,7;100,7;112,1;156,1;41,4;273,8;99,3;202,7;72,8;159,8;251,2;158,3;163,7;154,4;108,9;86,7;25,4;99,2;110,8;70,0;146,6;211,2;64,2;113,3;31,2;87,3;111,0;98,9;75,7;26,959;27,9;103,6;43,8;48,1;42,6;57,6;58,4;52,8;34,2;40,7;60,3;15,6;107,8;16,3;62,5;34,7;61,1;126,4;63,0;87,2;77,0;93,1;35,335;44,5;110,0;93,8;137,7;99,0;105,4;142,4;64,8;66,5;71,4;95,8;25,8;166,1;83,0;138,3;38,1;98,7;124,8;95,4;76,5;77,3
2018-01-01;168,0;61,9;70,6;213,8;136,6;186,0;142,4;161,5;202,2;118,6;95,9;111,1;155,6;40,4;273,4;98,2;199,4;73,3;158,1;257,5;158,1;161,3;153,4;109,2;86,2;25,0;99,2;111,5;68,6;148,7;210,7;61,7;115,6;29,5;87,5;108,7;98,6;75,0;27,003;27,8;102,9;43,9;48,9;43,1;57,1;59,0;52,1;33,1;40,4;60,4;15,8;106,7;16,4;62,0;34,8;60,5;126,3;62,7;86,7;76,3;93,0;34,931999999999995;42,8;110,9;92,7;137,0;99,3;104,5;143,2;66,4;62,8;70,7;95,1;24,7;166,7;81,8;135,4;38,4;97,6;131,2;95,4;74,6;77,2
2018-04-01;161,9;61,8;72,7;215,9;137,8;184,1;133,4;161,3;204,0;119,6;94,6;111,2;156,0;41,4;269,3;98,7;200,8;72,7;158,4;251,2;150,8;160,6;154,1;103,9;86,3;25,6;97,5;111,4;67,1;143,3;210,8;61,1;113,4;29,1;82,9;108,7;97,0;72,3;27,172;27,8;102,9;44,2;49,8;41,0;57,1;59,4;52,1;33,5;40,7;60,5;15,7;106,1;16,6;61,1;34,7;60,7;125,7;60,1;86,6;75,8;89,6;34,664;44,9;113,0;93,6;134,4;92,5;104,2;144,5;67,5;61,1;70,5;95,5;25,7;163,2;82,1;137,9;38,1;97,7;125,5;90,7;74,0;78,3
2018-07-01;161,2;61,2;73,2;215,0;139,9;182,3;130,0;161,1;205,5;120,6;92,8;110,8;157,5;40,4;266,6;98,1;198,7;72,9;156,7;249,0;149,1;159,1;153,6;102,2;84,1;26,6;96,4;110,6;66,8;140,1;209,0;59,4;112,6;28,5;81,5;106,3;96,3;72,1;27,099;27,8;102,8;44,9;50,9;40,8;57,1;59,8;52,4;33,6;40,7;60,8;15,7;105,4;16,9;59,8;34,5;59,6;125,5;59,9;86,8;75,6;89,2;34,145;45,5;112,3;95,0;131,4;89,2;104,0;145,7;68,2;59,2;70,1;96,8;24,7;161,3;81,3;137,1;38,4;97,1;123,5;89,2;72,3;78,0
2018-10-01;160,6;62,0;74,4;216,1;143,5;180,5;131,8;159,2;206,5;120,0;92,9;110,4;159,4;40,7;263,8;98,1;199,0;72,0;154,0;244,5;149,4;158,5;153,6;103,9;85,6;27,8;95,9;109,4;66,9;141,4;212,5;59,4;111,1;28,8;83,1;107,9;98,5;72,0;27,655;28,4;103,0;45,9;51,5;42,0;57,1;60,4;52,6;34,6;40,8;61,4;15,6;104,5;17,2;59,1;34,7;58,9;125,4;60,3;86,9;75,4;88,6;34,319;46,0;113,0;97,6;129,0;89,8;102,0;146,1;67,4;58,3;69,7;98,0;25,0;159,3;80,9;138,2;37,3;95,1;119,1;89,1;71,7;78,2
2019-01-01;161,5;61,2;74,5;216,9;143,5;183,8;138,1;159,3;208,4;121,0;91,5;109,6;160,4;40,8;260,4;96,0;199,4;74,0;154,2;248,5;152,5;156,1;153,5;105,8;87,5;28,9;97,5;112,6;67,7;143,1;215,8;58,1;114,0;29,0;85,3;109,5;100,0;72,1;27,83;28,5;102,5;46,3;52,5;43,9;57,0;60,1;52,7;34,1;40,8;61,7;15,8;103,3;17,6;58,1;34,9;58,2;125,4;61,1;85,3;74,8;89,5;33,4;45,9;114,4;97,2;131,3;94,3;102,3;148,3;68,3;57,4;68,8;98,7;25,0;157,1;78,4;139,8;39,1;95,9;123,1;91,3;70,8;78,7
2019-04-01;164,1;61,2;75,0;219,5;146,8;183,5;138,8;159,5;210,6;122,0;91,6;109,7;161,1;41,0;257,2;95,1;202,5;72,9;153,0;252,9;154,3;157,4;153,8;108,1;89,2;31,9;98,7;113,6;67,4;147,2;217,9;59,0;117,5;29,0;87,2;110,9;100,2;73,1;28,364;28,9;103,2;47,1;53,5;44,7;57,2;60,8;53,1;34,3;41,0;61,9;15,8;102,6;18,2;57,6;34,9;58,5;126,0;62,1;85,7;75,0;91,0;32,881;46,2;116,4;99,8;129,9;94,2;102,3;149,8;69,0;57,3;68,7;99,2;25,1;154,6;76,9;143,6;38,0;94,5;126,9;92,2;71,7;78,7
2019-07-01;162,2;61,4;76,3;221,2;152,0;183,7;135,3;159,8;212,7;122,2;93,0;109,8;162,5;40,9;254,8;97,0;202,9;73,7;152,2;259,6;151,8;158,7;153,9;108,8;90,0;34,1;100,2;115,3;68,1;153,3;216,8;58,1;117,8;29,4;87,3;115,8;103,1;72,2;28,961;29,2;103,9;47,6;54,6;44,1;57,2;61,5;53,3;35,1;41,0;62,0;16,0;101,8;18,6;57,3;34,9;57,3;126,9;61,3;85,7;75,1;90,0;32,456;47,0;117,3;104,4;129,1;91,3;102,6;151,2;68,9;57,9;68,8;100,5;25,0;153,0;78,4;144,2;38,8;94,9;132,6;90,5;73,0;78,8
2019-10-01;164,9;60,6;77,0;221,2;154,2;183,5;139,7;158,5;213,1;121,9;96,2;109,4;164,4;40,1;249,9;98,7;209,9;72,5;149,7;266,1;155,1;157,0;153,4;108,8;87,8;33,4;96,7;111,8;65,4;148,4;217,0;56,3;113,8;28,9;88,1;110,9;102,9;73,6;29,082;30,0;103,5;48,1;55,5;46,1;57,2;62,1;53,4;36,6;41,1;62,6;15,6;100,9;19,1;57,6;35,1;56,8;127,0;62,9;85,7;75,1;91,3;31,561;47,1;117,6;106,1;128,0;93,6;101,2;150,9;68,5;59,6;68,3;101,8;24,5;149,0;79,6;151,1;37,4;92,8;139,0;92,2;71,3;78,3
2020-01-01;164,2;63,3;81,7;225,8;160,3;193,6;139,4;160,3;216,7;123,2;93,6;111,1;166,0;44,1;251,9;105,3;212,0;74,5;150,9;266,1;154,6;160,4;156,6;111,6;92,1;33,8;98,7;114,9;67,8;149,4;217,4;57,2;115,8;29,8;89,7;114,0;109,9;72,1;30,102;30,0;103,7;48,3;57,5;44,9;57,6;62,8;53,6;35,9;41,5;63,0;15,8;100,7;19,8;56,6;35,2;57,0;128,1;61,6;85,6;74,8;92,1;33,204;51,7;122,0;111,9;136,1;94,4;102,7;153,8;69,6;57,7;69,7;103,0;28,3;151,2;85,5;154,3;39,3;93,9;137,9;93,0;74,8;81,8
2020-04-01;174,4;67,5;84,6;237,6;168,4;198,3;148,5;168,5;232,2;128,0;99,2;116,9;177,7;45,3;257,2;107,7;219,2;75,3;163,0;273,6;164,4;169,4;162,4;125,9;113,9;39,1;109,2;129,2;75,9;163,2;229,8;63,3;130,3;32,2;100,4;132,6;124,4;75,3;31,823;30,2;107,8;48,7;59,4;48,1;59,7;65,6;55,1;38,5;43,4;65,0;16,4;103,1;20,3;58,0;35,6;60,7;131,7;64,8;88,7;76,1;99,1;35,677;54,4;129,8;119,7;138,9;100,4;108,7;166,6;72,9;60,8;73,6;112,7;28,9;154,0;87,4;160,2;39,6;102,3;141,9;99,6;80,7;86,3
2020-07-01;179,1;68,9;87,1;242,0;167,7;199,6;156,0;170,7;236,7;129,9;102,4;120,1;181,0;44,8;258,4;113,9;224,0;73,9;166,2;279,0;170,2;173,0;163,5;130,7;115,0;39,0;112,6;132,9;78,7;171,6;235,6;63,6;136,0;31,6;105,1;135,7;126,9;77,7;32,205;31,1;110,5;48,8;61,2;51,4;60,8;67,0;56,2;40,2;44,2;66,4;16,6;104,2;21,4;59,5;36,1;61,2;133,4;67,6;90,9;77,3;101,3;36,736;55,9;131,5;118,9;138,4;104,6;109,9;169,7;73,6;62,2;75,9;114,6;28,1;154,2;92,5;163,4;37,8;105,0;145,6;102,6;82,1;86,2
2020-10-01;184,5;69,9;86,5;245,0;158,2;197,7;162,7;172,2;240,6;131,3;104,8;122,3;183,3;42,8;253,0;114,2;231,8;73,2;170,2;276,9;176,1;176,6;164,8;134,8;116,7;38,6;113,7;132,6;78,4;176,0;237,6;63,3;140,4;31,7;109,3;141,4;128,8;80,5;32,379;32,2;112,2;48,4;61,9;54,7;61,8;68,2;57,2;41,7;44,9;67,5;16,7;105,0;21,9;60,7;36,5;62,6;135,0;70,6;92,9;78,5;103,9;37,548;54,3;132,8;109,8;135,8;108,0;110,4;172,4;74,1;63,1;77,4;115,8;26,1;148,0;92,3;170,1;36,6;107,6;141,9;105,5;83,7;86,3
2021-01-01;179,0;69,7;87,0;243,8;156,0;195,7;159,4;173,4;238,8;133,1;106,0;121,9;184,2;42,9;255,2;111,5;224,3;73,0;171,8;288,7;171,4;177,5;165,2;127,3;111,9;36,5;114,0;132,8;77,7;177,3;235,6;62,0;142,7;31,6;103,9;134,4;125,1;78,2;32,374;31,8;111,1;48,1;61,5;53,6;62,0;68,1;57,7;42,2;45,0;68,2;16,9;105,3;22,0;60,4;36,7;62,6;136,1;68,6;94,2;78,4;100,8;37,374;55,2;132,7;107,9;134,2;105,8;111,4;170,7;75,4;63,8;77,0;116,0;26,0;149,9;89,5;162,8;36,3;109,1;152,6;102,7;83,2;86,8
2021-04-01;175,1;67,2;82,3;238,3;148,3;192,9;155,2;168,8;231,8;130,5;98,6;117,6;182,2;40,6;249,4;105,6;221,6;68,0;168,6;286,2;167,2;172,4;163,3;123,8;111,2;34,6;110,9;127,6;76,6;171,5;233,0;61,1;138,0;30,9;101,2;134,0;122,1;77,0;31,278;31,4;108,8;46,6;61,3;52,5;60,6;66,8;56,9;39,2;43,6;67,4;16,1;102,9;21,6;57,2;34,8;61,0;133,3;67,4;91,6;78,6;98,0;35,916;50,9;129,5;101,7;131,7;102,6;108,2;165,0;73,6;59,4;74,0;114,8;24,6;146,5;84,0;163,5;33,2;107,6;152,9;99,8;80,8;84,7
2021-07-01;170,7;65,4;83,6;235,7;148,1;191,3;150,1;167,2;230,2;130,0;95,3;115,2;182,0;40,5;244,6;102,8;210,5;67,5;164,7;285,1;162,5;168,4;161,7;120,0;108,5;35,8;109,8;128,8;76,2;168,7;231,1;59,0;136,3;30,5;98,1;131,4;119,4;75,4;30,551;31,9;107,8;45,2;61,4;51,1;60,1;66,8;56,8;37,9;42,9;67,3;16,1;101,7;21,3;55,2;34,2;59,1;132,1;65,8;90,3;78,3;95,3;34,885;51,7;127,9;102,9;129,9;99,0;107,1;163,4;73,2;57,4;72,3;114,7;24,4;143,0;81,4;155,3;33,3;105,6;153,1;96,8;78,1;83,4
2021-10-01;168,6;64,2;84,9;232,9;146,8;188,4;148,3;165,6;228,9;130,5;93,6;115,0;183,7;40,3;239,9;98,8;202,4;65,8;160,9;280,2;160,5;163,9;160,5;118,2;106,7;36,4;107,0;126,2;76,0;161,5;230,5;58,5;131,1;29,9;96,8;133,3;119,2;74,6;30,071;32,5;106,4;45,0;61,3;51,0;59,3;66,6;56,6;37,2;42,5;67,7;16,0;100,0;21,1;53,4;34,0;57,6;130,7;65,2;88,0;77,7;94,0;34,14;52,4;126,4;101,8;127,2;97,3;106,2;162,2;73,9;56,4;72,5;116,0;24,3;139,9;77,7;149,0;31,8;103,3;149,6;95,3;76,0;82,8
2022-01-01;166,3;63,1;82,3;226,7;141,1;191,6;149,5;163,3;226,9;129,2;96,4;112,2;183,6;39,7;235,6;96,5;189,8;66,1;156,2;283,3;159,6;157,4;159,4;112,5;98,6;35,0;102,2;123,2;71,3;157,2;233,1;53,5;124,1;27,8;93,7;120,6;114,2;73,6;29,561;32,9;104,8;44,7;61,2;50,9;58,6;66,3;56,0;38,3;41,9;67,6;16,1;98,3;20,2;51,0;34,1;56,1;129,6;64,5;86,4;76,6;92,7;33,562;49,4;122,0;96,3;130,4;98,7;104,6;160,6;73,2;58,0;70,3;116,0;23,6;137,2;76,3;138,8;32,0;100,1;153,6;95,1;71,0;82,9
2022-04-01;160,8;62,2;84,3;221,1;148,3;193,7;144,4;161,3;225,3;128,4;93,1;110,5;184,2;39,6;233,6;86,9;175,4;66,3;152,8;282,6;154,1;154,9;158,6;103,2;91,5;36,3;95,4;113,9;67,1;146,6;233,1;50,4;115,8;26,0;87,1;107,7;107,1;71,5;29,151;33,1;103,9;45,3;61,5;48,6;58,2;66,5;55,8;37,0;41,5;67,8;16,1;97,2;19,2;48,8;34,2;55,6;128,9;62,2;85,6;76,3;89,2;33,096;51,1;117,2;103,0;132,2;95,8;103,2;158,7;72,6;56,0;68,9;116,4;23,5;136,4;67,7;126,5;32,1;97,2;153,7;91,9;69,3;82,3
2022-07-01;157,4;61,1;85,6;218,6;149,6;194,2;137,2;161,1;224,9;129,4;93,3;109,1;185,1;39,3;235,1;88,0;169,9;67,1;149,8;280,7;149,1;154,2;157,1;97,3;89,2;34,3;90,5;109,8;64,4;136,5;230,4;46,6;110,6;25,9;82,5;94,5;102,4;70,1;28,596;33,7;102,7;45,6;61,7;46,2;57,7;66,6;55,7;37,1;41,2;67,8;16,0;95,7;19,6;47,1;34,0;53,7;128,6;60,4;85,1;75,9;87,3;32,466;52,0;115,9;103,9;132,5;91,0;103,4;158,3;73,7;56,2;67,9;117,2;23,2;139,5;68,4;122,8;33,1;96,1;152,1;88,8;69,1;81,1
2022-10-01;165,3;60,8;86,1;217,2;143,5;194,0;142,7;157,5;223,6;128,1;95,9;107,6;186,1;38,7;224,6;92,0;168,6;67,4;144,4;273,6;156,1;151,5;156,1;101,8;88,1;36,0;87,5;105,5;61,8;133,7;226,8;47,7;106,1;26,1;86,5;93,6;102,0;73,5;28,471;34,0;101,6;46,3;61,6;48,3;56,8;66,3;55,0;38,2;40,6;68,1;16,0;93,4;20,1;45,5;34,3;52,3;127,8;63,2;84,1;75,5;91,8;32,324;52,1;115,7;97,2;132,4;94,4;100,7;157,3;73,1;57,7;67,0;118,0;22,7;131,2;72,0;123,1;33,1;92,2;145,9;92,9;67,3;80,6
2023-01-01;165,3;59,2;84,8;217,7;137,1;200,1;146,8;153,9;219,2;126,3;96,4;104,9;183,9;37,7;214,9;95,4;164,8;67,8;138,9;276,4;157,8;150,2;154,6;104,2;87,9;34,6;88,1;107,2;61,9;134,5;229,8;45,6;106,8;26,7;88,8;93,9;103,6;73,4;27,745;34,1;100,7;46,2;62,2;49,0;55,8;65,5;54,2;38,3;39,6;67,5;16,1;91,6;20,8;45,3;34,5;50,4;127,3;63,4;82,6;74,3;91,9;31,499;50,7;117,0;90,9;137,8;97,8;98,1;153,7;72,1;58,0;65,3;116,4;21,6;123,3;74,7;119,5;33,3;88,5;149,1;94,3;67,6;80,3
2023-04-01;162,8;58,9;83,6;219,1;136,7;200,6;142,9;151,8;216,6;125,1;99,1;103,5;181,9;37,2;210,9;97,4;175,7;66,3;135,5;274,4;154,7;146,0;153,2;101,8;88,2;35,3;87,1;105,6;60,3;135,9;228,0;44,1;106,3;26,8;87,3;89,9;102,3;72,6;27,589;33,7;101,9;46,0;62,2;47,8;55,0;64,7;53,5;39,4;38,9;66,8;16,2;90,0;21,5;46,0;34,5;49,9;127,5;62,6;81,1;73,8;90,2;31,323;50,0;117,2;90,7;138,4;95,1;96,8;151,9;71,6;59,6;64,6;115,1;21,0;120,9;76,0;129,7;31,9;85,6;147,0;92,2;64,9;79,4
2023-07-01;158,7;58,7;85,7;219,9;141,3;201,3;142,7;150,1;214,7;123,5;97,9;100,9;181,3;37,3;209,5;99,4;174,7;66,8;131,5;274,0;152,3;144,9;151,7;98,3;86,6;34,9;84,9;103,5;59,0;130,5;218,5;42,2;102,3;26,4;85,5;86,8;101,8;70,9;27,493;34,4;102,5;45,9;62,4;47,7;54,3;63,9;52,8;39,0;38,3;66,1;16,3;88,7;22,4;46,4;34,3;48,0;127,8;61,6;80,6;73,4;87,8;31,214;51,2;117,3;95,4;138,9;95,0;95,8;150,8;70,7;59,0;62,6;115,1;21,0;120,8;77,0;128,3;32,5;83,6;146,2;90,7;64,3;78,4
2023-10-01;160,6;58,0;86,2;220,6;141,3;200,4;146,9;148,6;213,4;122,0;100,9;99,4;180,5;37,2;205,1;98,8;176,1;65,5;128,6;267,5;155,1;143,7;150,1;103,7;91,5;37,6;87,5;107,1;60,7;135,4;218,3;45,2;104,8;26,9;90,0;92,5;106,4;71,8;27,153;34,9;102,3;46,3;62,1;49,1;53,7;63,0;52,1;40,1;37,7;65,7;16,3;87,6;22,3;46,5;34,0;46,9;127,8;62,7;79,5;72,9;88,8;30,827;51,3;118,3;94,9;138,3;97,7;94,9;150,4;69,9;60,7;61,7;114,8;20,9;117,5;76,6;129,6;31,4;81,7;139,6;92,4;64,2;77,2
